ID,id_conferma,data_consegna,qta_consegna,fatturata,data_pagamento_uscita,data_pagamento_entrata
173,199,"07/05/16 00:00:00",25000,1,,
174,199,"07/12/16 00:00:00",25000,1,,
175,199,"07/19/16 00:00:00",25000,1,,
176,199,"07/26/16 00:00:00",25000,1,,
177,200,"07/09/16 00:00:00",25000,1,,
178,200,"07/16/16 00:00:00",25000,1,,
179,200,"07/23/16 00:00:00",25000,1,,
180,200,"07/30/16 00:00:00",25000,1,,
181,201,"08/29/16 00:00:00",3000,1,,
182,202,"07/18/16 00:00:00",1500,1,,
184,205,"07/18/16 00:00:00",500,1,,
185,207,"08/08/16 00:00:00",25000,1,,
186,208,"08/03/16 00:00:00",25000,1,,
187,208,"08/17/16 00:00:00",25000,1,,
188,209,"08/01/16 00:00:00",25000,1,,
189,211,"08/08/16 00:00:00",300,0,,
190,212,"08/08/16 00:00:00",400,0,,
191,213,"08/08/16 00:00:00",60,0,,
192,214,"08/16/16 00:00:00",1500,1,,
193,215,"08/22/16 00:00:00",25000,1,,
194,215,"08/29/16 00:00:00",25000,1,,
195,215,"09/05/16 00:00:00",25000,1,,
196,215,"09/12/16 00:00:00",25000,1,,
197,215,"09/19/16 00:00:00",25000,1,,
198,215,"09/26/16 00:00:00",25000,1,,
199,216,"09/09/16 00:00:00",857,1,,
200,217,"09/12/16 00:00:00",25000,1,,
201,217,"09/19/16 00:00:00",25000,1,,
202,217,"09/26/16 00:00:00",25000,1,,
203,218,"10/12/16 00:00:00",5000,1,,
204,219,"09/15/16 00:00:00",700,1,,
205,220,"09/23/16 00:00:00",2400,1,,
206,221,"09/27/16 00:00:00",1000,1,,
207,222,"10/10/16 00:00:00",25000,1,,
208,222,"10/17/16 00:00:00",25000,1,,
209,222,"10/24/16 00:00:00",25000,1,,
210,223,"10/04/16 00:00:00",700,0,,
211,224,"10/04/16 00:00:00",650,0,,
212,225,"10/04/16 00:00:00",90,0,,
213,226,"10/04/16 00:00:00",25,0,,
215,229,"10/03/16 00:00:00",25000,1,,
216,230,"10/13/16 00:00:00",1000,1,,
217,231,"10/07/16 00:00:00",100,1,,
218,232,"10/21/16 00:00:00",1125,1,,
219,233,"10/12/16 00:00:00",15000,1,,
220,236,"10/18/16 00:00:00",2600,1,,
221,237,"10/19/16 00:00:00",1000,1,,
222,238,"10/19/16 00:00:00",25000,1,,
223,239,"10/18/16 00:00:00",20000,1,,
224,240,"11/07/16 00:00:00",25000,1,,
225,240,"11/14/16 00:00:00",25000,1,,
226,240,"11/21/16 00:00:00",25000,1,,
227,240,"11/28/16 00:00:00",25000,1,,
228,241,"10/31/16 00:00:00",510,0,,
229,242,"10/31/16 00:00:00",90,0,,
230,243,"10/31/16 00:00:00",40,0,,
231,244,"11/02/16 00:00:00",1000,1,,
232,245,"11/22/16 00:00:00",1600,1,,
233,246,"10/26/16 00:00:00",20000,1,,
234,248,"10/31/16 00:00:00",700,1,,
235,250,"11/10/16 00:00:00",300,0,,
236,251,"11/07/16 00:00:00",400,0,,
237,252,"11/07/16 00:00:00",1000,1,,
238,253,"11/07/16 00:00:00",1000,1,,
239,256,"11/28/16 00:00:00",1000,0,,
240,257,"11/28/16 00:00:00",500,0,,
241,258,"11/28/16 00:00:00",1000,0,,
242,259,"12/05/16 00:00:00",2000,1,,
243,261,"12/01/16 00:00:00",300,1,,
244,262,"12/12/16 00:00:00",25000,1,,
245,262,"12/19/16 00:00:00",25000,1,,
246,262,"12/26/16 00:00:00",25000,1,,
247,263,"11/29/16 00:00:00",1000,1,,
248,264,"12/02/16 00:00:00",25000,1,,
249,265,"12/09/16 00:00:00",25000,1,,
250,266,"12/06/16 00:00:00",20000,1,,
251,267,"01/26/17 00:00:00",24000,1,,
252,268,"12/07/16 00:00:00",22000,1,,
253,269,"12/09/16 00:00:00",240,0,,
254,269,"12/15/16 00:00:00",240,0,,
255,269,"12/22/16 00:00:00",250,0,,
256,269,"12/29/16 00:00:00",214,0,,
257,270,"01/07/17 00:00:00",25000,1,,
258,270,"01/14/17 00:00:00",25000,1,,
259,270,"01/21/17 00:00:00",25000,1,,
260,270,"01/28/17 00:00:00",25000,1,,
261,270,"02/04/17 00:00:00",25000,1,,
262,271,"01/05/17 00:00:00",1200,0,,
263,273,"01/02/17 00:00:00",300,0,,
264,275,"01/01/17 00:00:00",25000,1,,
265,275,"01/12/17 00:00:00",25000,1,,
266,275,"01/26/17 00:00:00",25000,0,,
267,276,"01/05/17 00:00:00",200,0,,
268,276,"01/12/17 00:00:00",200,0,,
269,276,"01/19/17 00:00:00",200,0,,
271,277,"01/24/17 00:00:00",1000,1,,
272,278,"01/17/17 00:00:00",1000,1,,
273,279,"01/18/17 00:00:00",1000,1,,
274,280,"02/02/17 00:00:00",1200,1,,
275,281,"03/13/17 00:00:00",2000,1,,
276,282,"02/09/17 00:00:00",23925,1,,
277,283,"01/30/17 00:00:00",400,0,,
278,284,"02/17/17 00:00:00",2000,1,,
279,285,"02/11/17 00:00:00",25000,1,,
280,285,"02/18/17 00:00:00",25000,1,,
281,285,"02/25/17 00:00:00",25000,1,,
282,286,"02/03/17 00:00:00",25000,1,,
283,286,"02/08/17 00:00:00",25000,1,,
284,287,"04/28/17 00:00:00",2000,1,,
285,287,"07/10/17 00:00:00",2000,1,,
286,286,"02/17/17 00:00:00",25000,1,,
287,286,"02/23/17 00:00:00",25000,1,,
290,290,"05/11/17 00:00:00",23925,1,,
291,290,"12/05/17 00:00:00",23925,1,,
292,290,"01/17/18 00:00:00",23925,1,,
293,290,"10/16/17 00:00:00",23925,1,,
294,291,"02/07/17 00:00:00",1000,1,,
295,292,"02/14/17 00:00:00",2000,1,,
296,293,"02/06/17 00:00:00",100,1,,
297,294,"02/15/17 00:00:00",25000,1,,
298,295,"03/03/17 00:00:00",22500,1,,
299,296,"02/27/17 00:00:00",120,1,,
300,297,"03/02/17 00:00:00",1000,1,,
301,299,"03/09/17 00:00:00",2000,1,,
302,300,"05/10/17 00:00:00",1700,1,,
303,300,"07/10/17 00:00:00",1700,1,,
304,300,"09/11/17 00:00:00",4000,1,,
305,300,"11/15/17 00:00:00",1700,1,,
306,301,"03/13/17 00:00:00",3000,1,,
307,302,"03/31/17 00:00:00",22500,1,,
308,303,"09/07/17 00:00:00",2000,1,,
311,304,"03/28/17 00:00:00",1000,1,,
312,305,"03/23/17 00:00:00",5000,1,,
313,306,"04/11/17 00:00:00",1000,1,,
314,307,"04/10/17 00:00:00",5000,1,,
315,307,"04/13/17 00:00:00",5000,1,,
316,307,"04/17/17 00:00:00",5000,1,,
317,307,"04/20/17 00:00:00",5000,1,,
318,307,"04/24/17 00:00:00",5000,1,,
319,307,"04/27/17 00:00:00",5000,1,,
320,308,"04/21/17 00:00:00",1400,1,,
322,311,"04/28/17 00:00:00",350,1,,
323,312,"05/01/17 00:00:00",5000,1,,
324,312,"05/04/17 00:00:00",5000,1,,
325,312,"05/08/17 00:00:00",5000,1,,
326,312,"05/11/17 00:00:00",5000,1,,
327,312,"05/15/17 00:00:00",5000,1,,
328,312,"05/18/17 00:00:00",5000,1,,
329,312,"05/22/17 00:00:00",5000,1,,
330,312,"05/25/17 00:00:00",5000,1,,
331,312,"05/29/17 00:00:00",5000,1,,
332,313,"05/24/17 00:00:00",100,1,,
333,315,"05/03/17 00:00:00",25000,1,,
334,316,"05/26/17 00:00:00",1000,1,,
335,317,"05/09/17 00:00:00",25000,1,,
336,317,"05/16/17 00:00:00",25000,1,,
337,317,"05/23/17 00:00:00",25000,1,,
338,317,"05/30/17 00:00:00",25000,1,,
346,322,"06/12/17 00:00:00",2000,1,,
2,6,"11/13/14 00:00:00",1000,0,,
3,7,"12/16/14 00:00:00",2000,1,,
4,8,"01/08/15 00:00:00",24000,1,,
5,10,"02/05/15 00:00:00",300,1,,
6,11,"02/09/15 00:00:00",500,1,,
7,12,"02/09/15 00:00:00",1000,1,,
8,13,"02/09/15 00:00:00",2000,1,,
9,15,"02/23/15 00:00:00",400,1,,
10,15,"02/26/15 00:00:00",400,1,,
11,17,"03/05/15 00:00:00",1000,1,,
12,18,"02/24/15 00:00:00",500,1,,
13,19,"03/04/15 00:00:00",15000,1,,
15,22,"03/16/15 00:00:00",2000,1,,
16,23,"03/17/15 00:00:00",708,1,,
17,24,"03/24/15 00:00:00",12000,1,,
18,29,"04/01/15 00:00:00",800,1,,
19,30,"03/31/15 00:00:00",1000,1,,
20,32,"03/26/15 00:00:00",700,1,,
21,33,"04/02/15 00:00:00",393,1,,
22,34,"04/10/15 00:00:00",1227,1,,
23,35,"04/17/15 00:00:00",1196,1,,
24,37,"04/23/15 00:00:00",500,1,,
25,38,"05/12/15 00:00:00",1000,1,,
26,39,"05/21/15 00:00:00",22150,1,,
27,40,"05/21/15 00:00:00",1000,1,,
28,41,"05/21/15 00:00:00",2000,1,,
29,43,"05/27/15 00:00:00",9740,1,,
30,44,"06/05/15 00:00:00",500,1,,
32,48,"06/05/15 00:00:00",21000,1,,
33,49,"06/15/15 00:00:00",500,1,,
34,50,"08/24/15 00:00:00",700,1,,
35,51,"07/06/15 00:00:00",1000,1,,
36,52,"06/25/15 00:00:00",300,1,,
37,53,"06/22/15 00:00:00",2000,1,,
43,65,"06/25/15 00:00:00",1000,1,,
44,66,"07/13/15 00:00:00",500,1,,
45,67,"07/14/15 00:00:00",2000,1,,
46,68,"07/24/15 00:00:00",500,1,,
47,69,"07/31/15 00:00:00",500,1,,
48,70,"07/27/15 00:00:00",1300,1,,
49,71,"07/21/15 00:00:00",2055,1,,
50,73,"08/14/15 00:00:00",500,1,,
51,73,"08/21/15 00:00:00",500,1,,
52,73,"08/28/15 00:00:00",500,1,,
53,75,"08/19/15 00:00:00",4400,1,,
54,76,"08/28/15 00:00:00",3000,1,,
55,78,"09/14/15 00:00:00",700,1,,
56,80,"10/02/15 00:00:00",1000,1,,
57,82,"09/10/15 00:00:00",25000,1,,
58,84,"09/20/15 00:00:00",25000,1,,
59,84,"09/27/15 00:00:00",25000,1,,
60,85,"09/28/15 00:00:00",1000,1,,
61,86,"09/21/15 00:00:00",10000,1,,
62,87,"09/25/15 00:00:00",22000,1,,
63,88,"09/28/15 00:00:00",50,1,,
64,89,"09/29/15 00:00:00",22000,1,,
65,90,"10/12/15 00:00:00",1000,1,,
66,91,"10/20/15 00:00:00",1400,1,,
67,92,"10/07/15 00:00:00",16000,1,,
68,93,"10/09/15 00:00:00",22000,1,,
69,94,"10/14/15 00:00:00",900,1,,
70,95,"10/14/15 00:00:00",15000,1,,
71,95,"10/21/15 00:00:00",15000,1,,
72,96,"10/20/15 00:00:00",1400,1,,
73,96,"12/03/15 00:00:00",1400,0,,
74,98,"10/15/15 00:00:00",600,1,,
75,99,"10/20/15 00:00:00",22000,1,,
76,100,"10/27/15 00:00:00",1000,1,,
77,101,"10/26/15 00:00:00",400,1,,
78,102,"10/27/15 00:00:00",15000,1,,
79,104,"11/04/15 00:00:00",1000,1,,
81,107,"11/05/15 00:00:00",600,1,,
82,108,"12/10/15 00:00:00",300,1,,
83,109,"12/10/15 00:00:00",300,1,,
84,114,"01/19/16 00:00:00",1000,0,,
85,115,"12/20/15 00:00:00",20000,1,,
86,116,"01/13/16 00:00:00",450,0,,
87,117,"01/15/16 00:00:00",2000,0,,
88,118,"01/15/16 00:00:00",21350,0,,
90,119,"01/18/16 00:00:00",10000,1,,
91,120,"01/26/16 00:00:00",2000,1,,
92,121,"02/01/16 00:00:00",1400,1,,
93,125,"02/08/16 00:00:00",25000,1,,
94,126,"02/09/16 00:00:00",1000,1,,
95,127,"02/22/16 00:00:00",5000,1,,
96,129,"02/15/16 00:00:00",300,1,,
97,131,"02/17/16 00:00:00",1500,1,,
98,132,"03/14/16 00:00:00",25000,1,,
99,133,"02/25/16 00:00:00",25000,1,,
100,135,"02/23/16 00:00:00",25000,1,,
101,136,"02/26/16 00:00:00",3777,1,,
102,137,"02/25/16 00:00:00",17000,0,,
103,138,"03/02/16 00:00:00",280,1,,
104,139,"03/06/16 00:00:00",25000,1,,
105,139,"03/13/16 00:00:00",25000,1,,
106,139,"03/20/16 00:00:00",25000,1,,
107,139,"03/27/16 00:00:00",25000,1,,
108,140,"03/10/16 00:00:00",22000,1,,
109,141,"03/16/16 00:00:00",15000,1,,
110,142,"05/03/16 00:00:00",3000,1,,
111,144,"03/22/16 00:00:00",1000,1,,
112,145,"04/01/16 00:00:00",1000,1,,
113,146,"04/11/16 00:00:00",25000,1,,
114,147,"04/03/16 00:00:00",25000,1,,
115,147,"04/10/16 00:00:00",25000,1,,
116,147,"04/17/16 00:00:00",25000,1,,
117,147,"04/24/16 00:00:00",25000,1,,
118,151,"04/19/16 00:00:00",825,1,,
119,152,"04/14/16 00:00:00",6300,1,,
120,153,"05/10/16 00:00:00",25000,1,,
121,153,"05/24/16 00:00:00",25000,1,,
122,156,"05/02/16 00:00:00",26000,1,,
123,157,"05/01/16 00:00:00",25000,1,,
124,157,"05/08/16 00:00:00",25000,1,,
125,157,"05/15/16 00:00:00",25000,1,,
126,157,"05/22/16 00:00:00",25000,1,,
127,157,"05/29/16 00:00:00",25000,1,,
128,158,"05/02/16 00:00:00",25000,1,,
129,159,"05/10/16 00:00:00",1000,1,,
130,160,"05/09/16 00:00:00",25000,1,,
131,162,"05/11/16 00:00:00",1200,1,,
132,163,"05/07/16 00:00:00",25000,1,,
133,164,"05/09/16 00:00:00",25000,1,,
134,165,"05/16/16 00:00:00",26000,1,,
135,166,"05/15/16 00:00:00",25000,1,,
136,167,"05/27/16 00:00:00",1000,1,,
137,168,"06/13/16 00:00:00",1000,1,,
138,169,"05/25/16 00:00:00",1000,1,,
139,170,"06/05/16 00:00:00",25000,1,,
140,171,"05/30/16 00:00:00",1500,1,,
141,172,"05/27/16 00:00:00",0,0,,
142,173,"06/05/16 00:00:00",25000,1,,
143,173,"06/12/16 00:00:00",25000,1,,
144,173,"06/19/16 00:00:00",25000,1,,
145,173,"06/26/16 00:00:00",25000,1,,
146,174,"06/03/16 00:00:00",1000,1,,
147,175,"06/08/16 00:00:00",2000,1,,
149,178,"06/08/16 00:00:00",25000,1,,
150,179,"07/05/16 00:00:00",2000,1,,
151,180,"06/09/16 00:00:00",3000,1,,
152,181,"06/14/16 00:00:00",25000,1,,
153,182,"06/13/16 00:00:00",25000,1,,
154,183,"07/12/16 00:00:00",1000,1,,
155,186,"07/10/16 00:00:00",0,0,,
156,187,"07/11/16 00:00:00",0,0,,
157,188,"06/22/16 00:00:00",1000,1,,
158,189,"06/23/16 00:00:00",1300,1,,
159,190,"06/20/16 00:00:00",30000,1,,
160,190,"06/21/16 00:00:00",30000,1,,
161,190,"06/22/16 00:00:00",30000,1,,
162,191,"06/27/16 00:00:00",800,1,,
163,192,"06/27/16 00:00:00",25000,1,,
164,193,"07/12/16 00:00:00",1000,1,,
165,193,"08/29/16 00:00:00",1000,1,,
166,193,"09/19/16 00:00:00",1000,1,,
167,194,"07/18/16 00:00:00",25000,1,,
168,195,"07/04/16 00:00:00",1200,1,,
348,322,"08/08/17 00:00:00",2000,1,,
349,322,"09/07/17 00:00:00",2000,1,,
350,322,"10/12/17 00:00:00",2000,1,,
351,322,"11/15/17 00:00:00",4000,1,,
352,322,"12/06/17 00:00:00",4000,1,,
353,323,"05/15/17 00:00:00",1000,1,,
354,324,"05/18/17 00:00:00",1000,1,,
355,325,"05/15/17 00:00:00",25000,1,,
356,326,"05/29/17 00:00:00",1000,1,,
357,327,"05/24/17 00:00:00",25000,1,,
358,328,"06/06/17 00:00:00",25000,1,,
359,328,"06/13/17 00:00:00",25000,1,,
360,328,"06/20/17 00:00:00",25000,1,,
361,328,"06/27/17 00:00:00",25000,1,,
362,329,"06/01/17 00:00:00",5000,1,,
363,329,"06/05/17 00:00:00",5000,1,,
364,329,"06/08/17 00:00:00",5000,1,,
365,329,"06/12/17 00:00:00",5000,1,,
366,329,"06/15/17 00:00:00",5000,1,,
367,329,"06/19/17 00:00:00",5000,1,,
368,329,"06/22/17 00:00:00",5000,1,,
369,329,"06/26/17 00:00:00",5000,0,,
370,329,"06/29/17 00:00:00",5000,1,,
371,331,"06/13/17 00:00:00",750,1,,
372,332,"09/04/17 00:00:00",750,1,,
373,333,"06/16/17 00:00:00",750,1,,
374,335,"07/04/17 00:00:00",25000,1,,
375,335,"07/11/17 00:00:00",25000,1,,
376,335,"07/18/17 00:00:00",25000,1,,
377,335,"07/25/17 00:00:00",25000,1,,
378,336,"07/03/17 00:00:00",5000,1,,
379,336,"07/06/17 00:00:00",5000,1,,
380,336,"07/10/17 00:00:00",5000,1,,
381,336,"07/13/17 00:00:00",5000,1,,
382,336,"07/17/17 00:00:00",5000,1,,
383,336,"07/20/17 00:00:00",5000,1,,
384,336,"07/24/17 00:00:00",5000,1,,
385,336,"07/27/17 00:00:00",5000,1,,
386,336,"07/31/17 00:00:00",5000,1,,
388,337,"08/01/17 00:00:00",1600,1,,
389,338,"07/17/17 00:00:00",200,1,,
390,341,"10/25/17 00:00:00",100,0,,
391,342,"08/01/17 00:00:00",1000,1,,
392,343,"08/03/17 00:00:00",5000,1,,
393,343,"08/07/17 00:00:00",5000,1,,
394,343,"08/10/17 00:00:00",5000,1,,
395,343,"08/14/17 00:00:00",5000,1,,
396,343,"08/17/17 00:00:00",5000,1,,
397,343,"08/21/17 00:00:00",5000,1,,
398,343,"08/24/17 00:00:00",5000,1,,
399,343,"08/28/17 00:00:00",5000,1,,
400,343,"08/31/17 00:00:00",5000,1,,
401,344,"08/01/17 00:00:00",25000,1,,
402,344,"08/08/17 00:00:00",25000,0,,
403,344,"08/15/17 00:00:00",25000,0,,
404,344,"08/22/17 00:00:00",25000,1,,
405,344,"08/29/17 00:00:00",25000,1,,
406,345,"08/08/17 00:00:00",1000,1,,
407,346,"08/10/17 00:00:00",650,1,,
408,347,"08/23/17 00:00:00",3000,1,,
409,348,"08/24/17 00:00:00",300,1,,
411,349,"09/04/17 00:00:00",5500,1,,
412,349,"09/07/17 00:00:00",5500,1,,
413,349,"09/11/17 00:00:00",5500,1,,
414,349,"09/14/17 00:00:00",5500,1,,
415,349,"09/18/17 00:00:00",5500,1,,
416,349,"09/21/17 00:00:00",5500,1,,
417,349,"09/25/17 00:00:00",5500,1,,
418,349,"09/28/17 00:00:00",5500,1,,
419,350,"08/28/17 00:00:00",100,1,,
420,351,"09/06/17 00:00:00",12500,1,,
421,352,"09/11/17 00:00:00",100,1,,
422,353,"09/18/17 00:00:00",2000,1,,
423,354,"09/26/17 00:00:00",0,0,,
424,355,"09/25/17 00:00:00",1000,1,,
425,356,"10/03/17 00:00:00",1000,1,,
426,357,"10/12/17 00:00:00",2000,1,,
427,358,"10/02/17 00:00:00",5500,1,,
428,358,"10/05/17 00:00:00",5500,1,,
429,358,"10/09/17 00:00:00",5500,1,,
430,359,"10/02/17 00:00:00",300,1,,
431,360,"10/09/17 00:00:00",400,1,,
432,361,"10/16/17 00:00:00",1000,1,,
433,362,"10/16/17 00:00:00",150,1,,
434,363,"10/23/17 00:00:00",200,1,,
435,364,"11/07/17 00:00:00",750,1,,
436,365,"11/06/17 00:00:00",2000,1,,
437,367,"10/30/17 00:00:00",400,0,,
438,368,"12/06/17 00:00:00",2000,1,,
439,368,"01/10/18 00:00:00",2000,1,,
440,369,"11/09/17 00:00:00",2000,1,,
441,370,"12/13/17 00:00:00",13000,1,,
442,371,"11/06/17 00:00:00",300,1,,
443,372,"11/13/17 00:00:00",1000,1,,
444,373,"11/13/17 00:00:00",250,1,,
445,374,"11/20/17 00:00:00",1000,0,,
446,375,"11/20/17 00:00:00",2500,0,,
447,376,"11/21/17 00:00:00",50,1,,
448,377,"11/21/17 00:00:00",9000,0,,
449,378,"11/20/17 00:00:00",150,1,,
450,379,"01/10/18 00:00:00",2000,1,,
451,379,"02/09/18 00:00:00",2000,1,,
452,379,"03/09/18 00:00:00",2000,1,,
453,380,"11/29/17 00:00:00",25000,1,,
454,381,"11/28/17 00:00:00",9000,0,,
455,382,"12/07/17 00:00:00",650,1,,
456,383,"12/04/17 00:00:00",150,1,,
457,385,"12/15/17 00:00:00",300,1,,
458,386,"12/12/17 00:00:00",2000,1,,
459,387,"12/12/17 00:00:00",1000,1,,
460,388,"12/07/17 00:00:00",1250,1,,
461,389,"12/09/17 00:00:00",25000,1,,
462,390,"01/08/18 00:00:00",750,1,,
463,391,"12/12/17 00:00:00",10000,1,,
464,392,"12/27/17 00:00:00",1000,1,,
465,394,"12/19/17 00:00:00",480,1,,
466,395,"12/20/17 00:00:00",5625,1,,
467,398,"12/21/17 00:00:00",100,1,,
468,399,"12/29/17 00:00:00",500,1,,
469,400,"01/02/18 00:00:00",150,1,,
470,401,"01/10/18 00:00:00",4000,1,,
471,402,"01/17/18 00:00:00",750,1,,
472,403,"03/08/18 00:00:00",1000,1,,
473,404,"01/22/18 00:00:00",2000,1,,
474,405,"01/15/18 00:00:00",500,1,,
475,409,"01/24/18 00:00:00",500,1,,
476,410,"01/29/18 00:00:00",100,1,,
477,411,"09/10/18 00:00:00",4000,1,,
478,412,"01/31/18 00:00:00",500,1,,
479,413,"02/05/18 00:00:00",100,1,,
480,414,"02/07/18 00:00:00",500,1,,
481,415,"02/14/18 00:00:00",500,1,,
482,416,"02/17/18 00:00:00",25000,1,,
483,417,"03/13/18 00:00:00",25000,1,,
484,418,"02/21/18 00:00:00",500,1,,
485,419,"02/20/18 00:00:00",25000,1,,
486,420,"02/26/18 00:00:00",2000,1,,
487,421,"03/02/18 00:00:00",500,1,,
488,422,"03/22/18 00:00:00",1500,1,,
489,423,"03/12/18 00:00:00",1000,1,,
490,424,"03/07/18 00:00:00",500,1,,
491,425,"03/05/18 00:00:00",100,1,,
492,426,"04/10/18 00:00:00",0,0,,
493,426,"05/10/18 00:00:00",0,0,,
494,426,"06/10/18 00:00:00",0,0,,
495,427,"03/16/18 00:00:00",500,1,,
496,428,"03/21/18 00:00:00",500,1,,
497,429,"04/04/18 00:00:00",750,1,,
498,430,"03/27/18 00:00:00",5000,1,,
499,431,"03/26/18 00:00:00",50000,1,,
500,431,"03/27/18 00:00:00",25000,1,,
501,432,"04/12/18 00:00:00",1000,1,,
502,433,"03/29/18 00:00:00",285,1,,
503,434,"04/11/18 00:00:00",500,0,,
504,435,"04/24/18 00:00:00",3000,1,,
505,433,"03/30/18 00:00:00",215,1,,
506,436,"04/02/18 00:00:00",25000,1,,
507,436,"04/03/18 00:00:00",50000,1,,
508,437,"04/18/18 00:00:00",250,1,,
509,438,"04/19/18 00:00:00",24000,1,,
510,439,"04/17/18 00:00:00",6000,1,,
511,439,"05/22/18 00:00:00",6000,1,,
512,440,"04/09/18 00:00:00",50000,1,,
513,440,"04/10/18 00:00:00",25000,1,,
514,441,"04/12/18 00:00:00",25000,1,,
515,442,"04/15/18 00:00:00",25000,1,,
516,443,"04/16/18 00:00:00",50000,1,,
517,443,"04/17/18 00:00:00",25000,1,,
518,444,"04/20/18 00:00:00",300,1,,
519,445,"04/18/18 00:00:00",25000,1,,
520,446,"05/03/18 00:00:00",750,1,,
521,447,"04/23/18 00:00:00",25000,1,,
522,448,"04/23/18 00:00:00",50000,1,,
523,448,"04/25/18 00:00:00",25000,1,,
524,449,"04/25/18 00:00:00",25000,1,,
525,451,"05/16/18 00:00:00",1000,0,,
526,451,"06/13/18 00:00:00",1000,0,,
527,451,"07/11/18 00:00:00",1000,0,,
528,452,"06/01/18 00:00:00",250,0,,
529,452,"07/11/18 00:00:00",300,0,,
530,452,"08/13/18 00:00:00",250,0,,
531,453,"06/01/18 00:00:00",250,0,,
532,453,"07/11/18 00:00:00",330,0,,
533,453,"08/13/18 00:00:00",250,0,,
534,454,"06/01/18 00:00:00",250,0,,
535,454,"07/11/18 00:00:00",300,0,,
536,454,"08/13/18 00:00:00",250,0,,
537,455,"06/01/18 00:00:00",250,0,,
538,455,"07/11/18 00:00:00",330,0,,
539,455,"08/13/18 00:00:00",250,0,,
540,456,"06/01/18 00:00:00",110,0,,
541,456,"07/11/18 00:00:00",110,0,,
542,456,"08/13/18 00:00:00",110,0,,
543,457,"06/01/18 00:00:00",110,0,,
544,457,"07/11/18 00:00:00",130,0,,
545,457,"08/13/18 00:00:00",110,0,,
546,458,"05/04/18 00:00:00",250,1,,
547,459,"05/02/18 00:00:00",2000,1,,
548,460,"05/25/18 00:00:00",0,0,,
549,461,"05/02/18 00:00:00",25000,1,,
550,462,"04/30/18 00:00:00",50000,1,,
551,462,"05/01/18 00:00:00",25000,1,,
552,463,"05/02/18 00:00:00",25000,1,,
553,464,"05/09/18 00:00:00",25000,1,,
554,465,"05/08/18 00:00:00",25000,1,,
555,467,"05/07/18 00:00:00",50000,1,,
556,467,"05/10/18 00:00:00",25000,1,,
557,468,"05/09/18 00:00:00",500,1,,
558,469,"05/09/18 00:00:00",25000,0,,
559,470,"05/15/18 00:00:00",25000,1,,
560,471,"05/14/18 00:00:00",50000,1,,
561,471,"05/15/18 00:00:00",25000,1,,
562,472,"06/06/18 00:00:00",2000,1,,
563,473,"05/23/18 00:00:00",25000,1,,
564,474,"05/21/18 00:00:00",50000,1,,
565,474,"05/22/18 00:00:00",25000,1,,
566,475,"06/01/18 00:00:00",750,1,,
567,476,"05/23/18 00:00:00",25000,1,,
568,477,"09/13/18 00:00:00",8000,1,,
569,478,"06/19/18 00:00:00",5000,1,,
570,479,"05/29/18 00:00:00",1000,1,,
571,480,"05/30/18 00:00:00",25000,1,,
572,481,"05/28/18 00:00:00",50000,1,,
573,481,"05/29/18 00:00:00",25000,1,,
574,482,"06/02/18 00:00:00",25000,1,,
575,484,"06/14/18 00:00:00",2000,1,,
576,485,"06/15/18 00:00:00",500,0,,
577,486,"09/12/18 00:00:00",1000,0,,
579,486,"10/10/18 00:00:00",1000,0,,
580,486,"11/14/18 00:00:00",1000,0,,
581,487,"06/06/18 00:00:00",25000,1,,
582,488,"06/04/18 00:00:00",50000,1,,
583,488,"06/05/18 00:00:00",25000,1,,
584,489,"06/11/18 00:00:00",750,1,,
585,490,"06/07/18 00:00:00",140,1,,
586,491,"06/12/18 00:00:00",25000,1,,
587,492,"06/11/18 00:00:00",50000,1,,
588,492,"06/12/18 00:00:00",25000,1,,
589,495,"07/13/18 00:00:00",2000,1,,
590,496,"06/14/18 00:00:00",2000,1,,
591,497,"06/19/18 00:00:00",25000,1,,
592,498,"06/18/18 00:00:00",50000,1,,
593,498,"06/19/18 00:00:00",25000,1,,
594,499,"07/24/18 00:00:00",5000,1,,
595,500,"06/21/18 00:00:00",10000,1,,
596,501,"07/04/18 00:00:00",25000,1,,
597,501,"07/11/18 00:00:00",25000,1,,
598,501,"07/18/18 00:00:00",25000,1,,
599,501,"07/25/18 00:00:00",25000,1,,
600,501,"08/01/18 00:00:00",25000,1,,
601,501,"08/08/18 00:00:00",25000,1,,
602,501,"08/15/18 00:00:00",25000,1,,
603,501,"08/22/18 00:00:00",25000,1,,
604,501,"08/29/18 00:00:00",25000,1,,
605,501,"09/05/18 00:00:00",25000,1,,
606,501,"09/12/18 00:00:00",25000,1,,
607,501,"09/19/18 00:00:00",25000,1,,
608,501,"09/26/18 00:00:00",25000,1,,
609,502,"06/26/18 00:00:00",25000,1,,
610,503,"06/25/18 00:00:00",25000,1,,
611,503,"06/26/18 00:00:00",25000,1,,
612,503,"06/27/18 00:00:00",25000,1,,
613,504,"08/28/18 00:00:00",5000,1,,
614,505,"07/02/18 00:00:00",25000,1,,
615,505,"07/03/18 00:00:00",25000,1,,
616,505,"07/04/18 00:00:00",25000,1,,
617,506,"07/09/18 00:00:00",25000,1,,
618,506,"07/10/18 00:00:00",25000,1,,
619,506,"07/11/18 00:00:00",25000,1,,
620,507,"08/31/18 00:00:00",800,1,,
621,509,"09/11/18 00:00:00",2000,1,,
622,510,"07/16/18 00:00:00",25000,1,,
623,510,"07/17/18 00:00:00",25000,1,,
624,510,"07/18/18 00:00:00",25000,1,,
625,511,"07/16/18 00:00:00",150,1,,
626,512,"07/25/18 00:00:00",2000,1,,
627,513,"08/01/18 00:00:00",5000,1,,
628,514,"08/09/18 00:00:00",10000,1,,
629,515,"07/23/18 00:00:00",0,0,,
630,515,"07/24/18 00:00:00",50000,1,,
631,515,"07/25/18 00:00:00",25000,1,,
632,517,"08/02/18 00:00:00",1000,1,,
633,517,"10/15/18 00:00:00",1000,1,,
634,517,"11/27/18 00:00:00",1000,1,,
635,518,"07/30/18 00:00:00",25000,1,,
636,518,"07/31/18 00:00:00",50000,1,,
637,519,"08/23/18 00:00:00",750,1,,
638,520,"08/06/18 00:00:00",25000,1,,
639,520,"08/07/18 00:00:00",25000,1,,
640,520,"08/08/18 00:00:00",25000,1,,
641,521,"09/05/18 00:00:00",750,1,,
642,522,"08/06/18 00:00:00",200,1,,
643,524,"09/03/18 00:00:00",1500,1,,
644,524,"10/01/18 00:00:00",1500,1,,
645,524,"11/16/18 00:00:00",0,0,,
646,525,"08/22/18 00:00:00",800,1,,
647,526,"08/13/18 00:00:00",25000,1,,
648,526,"08/13/18 00:00:00",25000,1,,
649,526,"08/15/18 00:00:00",25000,1,,
650,527,"09/13/18 00:00:00",100,0,,
651,527,"10/15/18 00:00:00",100,0,,
652,528,"09/13/18 00:00:00",100,0,,
653,528,"10/15/18 00:00:00",100,0,,
654,529,"09/13/18 00:00:00",750,0,,
655,529,"10/15/18 00:00:00",520,0,,
656,530,"09/13/18 00:00:00",750,0,,
657,530,"10/15/18 00:00:00",530,0,,
658,531,"08/13/18 00:00:00",100,1,,
659,532,"12/10/18 00:00:00",1500,1,,
660,532,"02/10/19 00:00:00",2000,0,,
661,533,"08/20/18 00:00:00",25000,1,,
662,533,"08/21/18 00:00:00",25000,1,,
663,533,"08/22/18 00:00:00",25000,1,,
664,536,"09/25/18 00:00:00",6000,1,,
665,536,"10/09/18 00:00:00",6000,1,,
666,536,"10/23/18 00:00:00",6000,1,,
667,537,"09/12/18 00:00:00",1500,1,,
668,538,"08/27/18 00:00:00",250,1,,
669,539,"08/27/18 00:00:00",25000,1,,
670,539,"08/28/18 00:00:00",50000,1,,
671,541,"09/04/18 00:00:00",6000,1,,
672,541,"09/11/18 00:00:00",6000,1,,
673,541,"10/02/18 00:00:00",6000,1,,
674,541,"10/16/18 00:00:00",6000,1,,
675,542,"08/30/18 00:00:00",250,1,,
676,543,"09/03/18 00:00:00",100,1,,
1388,908,"06/03/20 00:00:00",800,0,"07/03/20 00:00:00","07/03/20 00:00:00"
1390,916,"04/20/20 00:00:00",2250,0,"05/20/20 00:00:00","05/30/20 00:00:00"
1391,917,"04/13/20 00:00:00",25000,0,"05/13/20 00:00:00","05/13/20 00:00:00"
1392,917,"04/14/20 00:00:00",25000,0,"05/14/20 00:00:00","05/14/20 00:00:00"
1393,917,"04/15/20 00:00:00",25000,0,"05/15/20 00:00:00","05/15/20 00:00:00"
1394,917,"04/16/20 00:00:00",50000,0,"05/16/20 00:00:00","05/16/20 00:00:00"
1395,918,"04/20/20 00:00:00",25000,0,"05/20/20 00:00:00","05/20/20 00:00:00"
1396,918,"04/21/20 00:00:00",25000,0,"05/21/20 00:00:00","05/21/20 00:00:00"
1397,918,"04/22/20 00:00:00",25000,0,"05/22/20 00:00:00","05/22/20 00:00:00"
1398,918,"04/23/20 00:00:00",50000,0,"05/25/20 00:00:00","05/25/20 00:00:00"
1399,919,"04/21/20 00:00:00",30000,0,"05/21/20 00:00:00","05/21/20 00:00:00"
1400,920,"05/19/20 00:00:00",5000,0,"06/30/20 00:00:00","06/30/20 00:00:00"
1401,921,"05/06/20 00:00:00",5000,0,"06/06/20 00:00:00","06/06/20 00:00:00"
1402,922,"04/27/20 00:00:00",25000,0,"05/27/20 00:00:00","05/27/20 00:00:00"
1403,922,"04/28/20 00:00:00",25000,0,"05/28/20 00:00:00","05/28/20 00:00:00"
1404,922,"04/29/20 00:00:00",25000,0,"05/29/20 00:00:00","05/29/20 00:00:00"
1405,922,"04/30/20 00:00:00",50000,0,"05/30/20 00:00:00","05/30/20 00:00:00"
1406,923,"05/04/20 00:00:00",25000,0,"06/04/20 00:00:00","06/04/20 00:00:00"
1407,923,"05/05/20 00:00:00",25000,0,"06/05/20 00:00:00","06/05/20 00:00:00"
1408,923,"05/06/20 00:00:00",25000,0,"06/06/20 00:00:00","06/06/20 00:00:00"
1409,923,"05/07/20 00:00:00",50000,0,"06/07/20 00:00:00","06/07/20 00:00:00"
1410,923,"05/11/20 00:00:00",25000,0,"06/11/20 00:00:00","06/11/20 00:00:00"
1411,923,"05/12/20 00:00:00",25000,0,"06/12/20 00:00:00","06/12/20 00:00:00"
1412,923,"05/13/20 00:00:00",25000,0,"06/13/20 00:00:00","06/13/20 00:00:00"
1413,923,"05/14/20 00:00:00",50000,0,"06/14/20 00:00:00","06/14/20 00:00:00"
1414,923,"05/18/20 00:00:00",25000,0,"06/18/20 00:00:00","06/18/20 00:00:00"
1415,923,"05/19/20 00:00:00",25000,0,"06/19/20 00:00:00","06/19/20 00:00:00"
1416,923,"05/20/20 00:00:00",25000,0,"06/20/20 00:00:00","06/20/20 00:00:00"
1417,923,"05/21/20 00:00:00",50000,0,"06/21/20 00:00:00","06/21/20 00:00:00"
1418,923,"05/25/20 00:00:00",25000,0,"06/25/20 00:00:00","06/25/20 00:00:00"
1419,923,"05/26/20 00:00:00",25000,0,"06/26/20 00:00:00","06/26/20 00:00:00"
1420,923,"05/27/20 00:00:00",25000,0,"06/27/20 00:00:00","06/27/20 00:00:00"
1421,923,"05/28/20 00:00:00",50000,0,"06/28/20 00:00:00","06/28/20 00:00:00"
1422,924,"06/01/20 00:00:00",25000,0,"07/01/20 00:00:00","07/01/20 00:00:00"
1423,924,"06/02/20 00:00:00",25000,0,"07/02/20 00:00:00","07/02/20 00:00:00"
1424,924,"06/03/20 00:00:00",25000,0,"07/03/20 00:00:00","07/03/20 00:00:00"
1425,924,"06/04/20 00:00:00",50000,0,"07/04/20 00:00:00","07/04/20 00:00:00"
1426,924,"06/08/20 00:00:00",25000,0,"07/08/20 00:00:00","07/08/20 00:00:00"
1427,924,"06/09/20 00:00:00",25000,0,"07/09/20 00:00:00","07/09/20 00:00:00"
1428,924,"06/10/20 00:00:00",25000,0,"07/10/20 00:00:00","07/10/20 00:00:00"
1429,924,"06/11/20 00:00:00",50000,0,"07/11/20 00:00:00","07/11/20 00:00:00"
1430,924,"06/15/20 00:00:00",25000,0,"07/15/20 00:00:00","07/15/20 00:00:00"
1431,924,"06/16/20 00:00:00",25000,0,"07/16/20 00:00:00","07/16/20 00:00:00"
1432,924,"06/17/20 00:00:00",25000,0,"07/17/20 00:00:00","07/17/20 00:00:00"
1433,924,"06/18/20 00:00:00",50000,0,"07/18/20 00:00:00","07/18/20 00:00:00"
1434,924,"06/22/20 00:00:00",25000,0,"07/22/20 00:00:00","07/22/20 00:00:00"
1435,924,"06/23/20 00:00:00",25000,0,"07/23/20 00:00:00","07/23/20 00:00:00"
1436,924,"06/24/20 00:00:00",25000,0,"07/24/20 00:00:00","07/24/20 00:00:00"
1437,924,"06/25/20 00:00:00",50000,0,"07/25/20 00:00:00","07/25/20 00:00:00"
1438,924,"06/29/20 00:00:00",25000,0,"07/29/20 00:00:00","07/29/20 00:00:00"
1439,924,"06/30/20 00:00:00",25000,0,"07/30/20 00:00:00","07/30/20 00:00:00"
1440,925,"07/01/20 00:00:00",25000,0,"08/01/20 00:00:00","08/01/20 00:00:00"
1441,925,"07/02/20 00:00:00",50000,0,"08/02/20 00:00:00","08/02/20 00:00:00"
1442,925,"07/06/20 00:00:00",25000,0,"08/06/20 00:00:00","08/06/20 00:00:00"
1443,925,"07/07/20 00:00:00",25000,0,"08/07/20 00:00:00","08/07/20 00:00:00"
1444,925,"07/08/20 00:00:00",25000,0,"08/08/20 00:00:00","08/08/20 00:00:00"
1445,925,"07/09/20 00:00:00",50000,0,"08/09/20 00:00:00","08/09/20 00:00:00"
1446,925,"07/13/20 00:00:00",25000,0,"08/13/20 00:00:00","08/13/20 00:00:00"
1447,925,"07/14/20 00:00:00",25000,0,"08/14/20 00:00:00","08/14/20 00:00:00"
1448,925,"07/15/20 00:00:00",25000,0,"08/15/20 00:00:00","08/15/20 00:00:00"
1449,925,"07/16/20 00:00:00",50000,0,"08/16/20 00:00:00","08/16/20 00:00:00"
1450,925,"07/20/20 00:00:00",25000,0,"08/20/20 00:00:00","08/20/20 00:00:00"
1451,925,"07/21/20 00:00:00",25000,0,"08/21/20 00:00:00","08/21/20 00:00:00"
1452,925,"07/22/20 00:00:00",25000,0,"08/22/20 00:00:00","08/22/20 00:00:00"
1453,925,"07/23/20 00:00:00",50000,0,"08/23/20 00:00:00","08/23/20 00:00:00"
1454,925,"07/27/20 00:00:00",25000,0,"08/27/20 00:00:00","08/27/20 00:00:00"
1455,925,"07/28/20 00:00:00",25000,0,"08/28/20 00:00:00","08/28/20 00:00:00"
1456,925,"07/29/20 00:00:00",25000,0,"08/29/20 00:00:00","08/29/20 00:00:00"
1457,925,"07/30/20 00:00:00",50000,0,"08/30/20 00:00:00","08/30/20 00:00:00"
1458,926,"08/03/20 00:00:00",25000,0,"09/03/20 00:00:00","09/03/20 00:00:00"
1459,926,"08/04/20 00:00:00",25000,0,"09/04/20 00:00:00","09/04/20 00:00:00"
1460,926,"08/05/20 00:00:00",25000,0,"09/05/20 00:00:00","09/05/20 00:00:00"
1461,926,"08/06/20 00:00:00",50000,0,"09/06/20 00:00:00","09/06/20 00:00:00"
1462,926,"08/10/20 00:00:00",25000,0,"09/10/20 00:00:00","09/10/20 00:00:00"
1463,926,"08/11/20 00:00:00",25000,0,"09/11/20 00:00:00","09/11/20 00:00:00"
1464,926,"08/12/20 00:00:00",25000,0,"09/12/20 00:00:00","09/12/20 00:00:00"
1465,926,"08/13/20 00:00:00",50000,0,"09/13/20 00:00:00","09/13/20 00:00:00"
1466,926,"08/17/20 00:00:00",25000,0,"09/17/20 00:00:00","09/17/20 00:00:00"
1467,926,"08/18/20 00:00:00",25000,0,"09/18/20 00:00:00","09/18/20 00:00:00"
1468,926,"08/19/20 00:00:00",25000,0,"09/19/20 00:00:00","09/19/20 00:00:00"
1469,926,"08/20/20 00:00:00",50000,0,"09/20/20 00:00:00","09/20/20 00:00:00"
1470,926,"08/24/20 00:00:00",25000,0,"09/24/20 00:00:00","09/24/20 00:00:00"
1471,926,"08/25/20 00:00:00",25000,0,"09/25/20 00:00:00","09/25/20 00:00:00"
1472,926,"08/26/20 00:00:00",25000,0,"09/26/20 00:00:00","09/26/20 00:00:00"
1473,926,"08/27/20 00:00:00",50000,0,"09/27/20 00:00:00","09/27/20 00:00:00"
1474,926,"08/31/20 00:00:00",25000,0,"09/30/20 00:00:00","09/30/20 00:00:00"
1475,927,"09/01/20 00:00:00",25000,0,"10/01/20 00:00:00","10/01/20 00:00:00"
1476,927,"09/02/20 00:00:00",25000,0,"10/02/20 00:00:00","10/02/20 00:00:00"
1477,927,"09/03/20 00:00:00",50000,0,"10/03/20 00:00:00","10/03/20 00:00:00"
1478,927,"09/07/20 00:00:00",25000,0,"10/07/20 00:00:00","10/07/20 00:00:00"
1479,927,"09/08/20 00:00:00",25000,0,"10/08/20 00:00:00","10/08/20 00:00:00"
1480,927,"09/09/20 00:00:00",25000,0,"10/09/20 00:00:00","10/09/20 00:00:00"
1481,927,"09/10/20 00:00:00",50000,0,"10/10/20 00:00:00","10/10/20 00:00:00"
1482,927,"09/14/20 00:00:00",25000,0,"10/14/20 00:00:00","10/14/20 00:00:00"
1483,927,"09/15/20 00:00:00",25000,0,"10/15/20 00:00:00","10/15/20 00:00:00"
1484,927,"09/16/20 00:00:00",25000,0,"10/16/20 00:00:00","10/16/20 00:00:00"
1485,927,"09/17/20 00:00:00",50000,0,"10/17/20 00:00:00","10/17/20 00:00:00"
1486,927,"09/21/20 00:00:00",25000,0,"10/21/20 00:00:00","10/21/20 00:00:00"
1487,927,"09/22/20 00:00:00",25000,0,"10/22/20 00:00:00","10/22/20 00:00:00"
1383,905,"04/14/20 00:00:00",25000,0,"04/14/20 00:00:00","04/14/20 00:00:00"
1488,927,"09/23/20 00:00:00",25000,0,"10/23/20 00:00:00","10/23/20 00:00:00"
1489,927,"09/24/20 00:00:00",50000,0,"10/24/20 00:00:00","10/24/20 00:00:00"
1490,927,"09/28/20 00:00:00",25000,0,"10/28/20 00:00:00","10/28/20 00:00:00"
1491,927,"09/29/20 00:00:00",25000,0,"10/29/20 00:00:00","10/29/20 00:00:00"
1492,927,"09/30/20 00:00:00",25000,0,"10/30/20 00:00:00","10/30/20 00:00:00"
1493,928,"10/01/20 00:00:00",50000,0,"11/01/20 00:00:00","11/01/20 00:00:00"
1494,928,"10/05/20 00:00:00",25000,0,"11/05/20 00:00:00","11/05/20 00:00:00"
1495,928,"10/06/20 00:00:00",25000,0,"11/06/20 00:00:00","11/06/20 00:00:00"
1496,928,"10/07/20 00:00:00",25000,0,"11/07/20 00:00:00","11/07/20 00:00:00"
1497,928,"10/08/20 00:00:00",50000,0,"11/08/20 00:00:00","11/08/20 00:00:00"
1498,928,"10/12/20 00:00:00",25000,0,"11/12/20 00:00:00","11/12/20 00:00:00"
1499,928,"10/13/20 00:00:00",25000,0,"11/13/20 00:00:00","11/13/20 00:00:00"
1500,928,"10/14/20 00:00:00",25000,0,"11/14/20 00:00:00","11/14/20 00:00:00"
1501,928,"10/15/20 00:00:00",50000,0,"11/15/20 00:00:00","11/15/20 00:00:00"
1502,928,"10/19/20 00:00:00",25000,0,"11/19/20 00:00:00","11/19/20 00:00:00"
1503,928,"10/20/20 00:00:00",25000,0,"11/20/20 00:00:00","11/20/20 00:00:00"
1504,928,"10/21/20 00:00:00",25000,0,"11/21/20 00:00:00","11/21/20 00:00:00"
1505,928,"10/22/20 00:00:00",50000,0,"11/22/20 00:00:00","11/22/20 00:00:00"
1506,928,"10/26/20 00:00:00",25000,0,"11/26/20 00:00:00","11/26/20 00:00:00"
1507,928,"10/27/20 00:00:00",25000,0,"11/27/20 00:00:00","11/27/20 00:00:00"
1508,928,"10/28/20 00:00:00",25000,0,"11/28/20 00:00:00","11/28/20 00:00:00"
1509,928,"10/29/20 00:00:00",50000,0,"11/29/20 00:00:00","11/29/20 00:00:00"
1510,929,"11/02/20 00:00:00",25000,0,"12/02/20 00:00:00","12/02/20 00:00:00"
1511,929,"11/03/20 00:00:00",25000,0,"12/03/20 00:00:00","12/03/20 00:00:00"
1512,929,"11/04/20 00:00:00",25000,0,"12/04/20 00:00:00","12/04/20 00:00:00"
1513,929,"11/05/20 00:00:00",50000,0,"12/05/20 00:00:00","12/05/20 00:00:00"
1514,929,"11/09/20 00:00:00",25000,0,"12/09/20 00:00:00","12/09/20 00:00:00"
1515,929,"11/10/20 00:00:00",25000,0,"12/10/20 00:00:00","12/10/20 00:00:00"
1516,929,"11/11/20 00:00:00",25000,0,"12/11/20 00:00:00","12/11/20 00:00:00"
1517,929,"11/12/20 00:00:00",50000,0,"12/12/20 00:00:00","12/12/20 00:00:00"
1518,929,"11/16/20 00:00:00",25000,0,"12/16/20 00:00:00","12/16/20 00:00:00"
1519,929,"11/17/20 00:00:00",50000,0,"12/17/20 00:00:00","12/17/20 00:00:00"
1520,929,"11/18/20 00:00:00",25000,0,"12/18/20 00:00:00","12/18/20 00:00:00"
1521,929,,,0,,
1522,929,"11/23/20 00:00:00",50000,0,"12/23/20 00:00:00","12/23/20 00:00:00"
1523,929,"11/24/20 00:00:00",25000,0,"12/24/20 00:00:00","12/24/20 00:00:00"
1524,929,,,0,,
1525,929,"11/26/20 00:00:00",50000,0,"12/26/20 00:00:00","12/26/20 00:00:00"
1526,929,"11/30/20 00:00:00",25000,0,"12/30/20 00:00:00","12/30/20 00:00:00"
1527,930,"12/01/20 00:00:00",50000,0,"01/01/21 00:00:00","01/01/21 00:00:00"
1528,930,,,0,,
1529,930,"12/03/20 00:00:00",50000,0,"01/03/21 00:00:00","01/03/21 00:00:00"
1530,930,,,0,,
1531,930,"12/08/20 00:00:00",50000,0,"01/08/21 00:00:00","01/08/21 00:00:00"
1532,930,,,0,,
1533,930,"12/10/20 00:00:00",75000,0,"01/10/21 00:00:00","01/10/21 00:00:00"
1534,930,"12/14/20 00:00:00",25000,0,"01/14/21 00:00:00","01/14/21 00:00:00"
1535,930,"12/15/20 00:00:00",25000,0,"01/15/21 00:00:00","01/15/21 00:00:00"
1536,930,"12/16/20 00:00:00",50000,0,"01/16/21 00:00:00","01/16/21 00:00:00"
1537,930,"12/17/20 00:00:00",50000,0,"01/17/21 00:00:00","01/17/21 00:00:00"
1538,930,"12/21/20 00:00:00",75000,0,"01/21/21 00:00:00","01/21/21 00:00:00"
1539,930,,,0,,
1540,930,,,0,,
1541,930,,,0,,
1542,930,"12/28/20 00:00:00",75000,0,"01/28/21 00:00:00","01/28/21 00:00:00"
1543,930,,,0,,
1544,930,,,0,,
1546,930,"01/01/21 00:00:00",50000,0,"02/01/21 00:00:00","02/01/21 00:00:00"
1547,931,"04/28/20 00:00:00",300,0,"05/28/20 00:00:00","05/28/20 00:00:00"
1548,932,"04/28/20 00:00:00",25000,0,"05/28/20 00:00:00","01/00/00 00:00:00"
1550,4,,,0,,
1551,933,"05/06/20 00:00:00",25000,0,"06/06/20 00:00:00","05/06/20 00:00:00"
1552,934,"05/12/20 00:00:00",300,0,"06/12/20 00:00:00","06/12/20 00:00:00"
1553,935,"12/11/20 00:00:00",24000,0,"01/11/21 00:00:00","01/31/21 00:00:00"
1554,935,"01/08/21 00:00:00",24000,0,"02/08/21 00:00:00","02/28/21 00:00:00"
1555,936,"05/14/20 00:00:00",25000,0,"06/14/20 00:00:00","05/14/20 00:00:00"
1556,937,"05/18/20 00:00:00",2700,0,"06/18/20 00:00:00","06/18/20 00:00:00"
1557,938,"05/18/20 00:00:00",25000,0,"06/18/20 00:00:00","06/18/20 00:00:00"
1558,938,"05/19/20 00:00:00",25000,0,"06/19/20 00:00:00","06/19/20 00:00:00"
1559,939,"05/14/20 00:00:00",3000,0,"06/30/20 00:00:00","06/30/20 00:00:00"
1560,941,"06/09/20 00:00:00",6000,0,"07/31/20 00:00:00","07/31/20 00:00:00"
1561,941,"06/23/20 00:00:00",6000,0,"07/31/20 00:00:00","07/31/20 00:00:00"
1562,942,"05/14/20 00:00:00",20000,0,"06/30/20 00:00:00","06/14/20 00:00:00"
1563,943,,22000,0,,
1564,944,"05/26/20 00:00:00",800,0,"06/26/20 00:00:00","06/26/20 00:00:00"
1565,944,"06/09/20 00:00:00",500,0,"07/09/20 00:00:00","07/09/20 00:00:00"
1566,944,"06/23/20 00:00:00",500,0,"07/23/20 00:00:00","07/23/20 00:00:00"
1567,944,"07/07/20 00:00:00",500,0,"08/07/20 00:00:00","08/07/20 00:00:00"
1568,944,"07/21/20 00:00:00",500,0,"08/21/20 00:00:00","08/21/20 00:00:00"
1569,944,"08/04/20 00:00:00",500,0,"09/04/20 00:00:00","09/04/20 00:00:00"
1570,944,"08/18/20 00:00:00",500,0,"09/18/20 00:00:00","09/18/20 00:00:00"
1571,945,"05/26/20 00:00:00",300,0,"06/26/20 00:00:00","06/26/20 00:00:00"
1572,946,"05/19/20 00:00:00",30000,0,"06/19/20 00:00:00","06/19/20 00:00:00"
1573,947,"06/05/20 00:00:00",750,0,"07/05/20 00:00:00","07/30/20 00:00:00"
1574,948,"05/25/20 00:00:00",30000,0,"06/25/20 00:00:00","06/25/20 00:00:00"
1575,949,"06/17/20 00:00:00",2000,0,"07/17/20 00:00:00","06/25/20 00:00:00"
1576,950,"06/09/20 00:00:00",300,0,"07/09/20 00:00:00","07/09/20 00:00:00"
1577,950,"06/23/20 00:00:00",300,0,"07/23/20 00:00:00","07/23/20 00:00:00"
1578,950,"07/07/20 00:00:00",300,0,"08/07/20 00:00:00","08/07/20 00:00:00"
1579,950,"07/21/20 00:00:00",300,0,"08/21/20 00:00:00","08/21/20 00:00:00"
1580,950,"08/04/20 00:00:00",300,0,"09/04/20 00:00:00","09/04/20 00:00:00"
1581,950,"08/18/20 00:00:00",300,0,"09/18/20 00:00:00","09/18/20 00:00:00"
1582,951,"06/16/20 00:00:00",800,0,"07/16/20 00:00:00","07/16/20 00:00:00"
1583,951,"06/30/20 00:00:00",800,0,"07/30/20 00:00:00","07/30/20 00:00:00"
1584,951,"07/14/20 00:00:00",800,0,"08/14/20 00:00:00","08/14/20 00:00:00"
1585,951,"07/28/20 00:00:00",800,0,"08/28/20 00:00:00","08/28/20 00:00:00"
1586,951,"08/11/20 00:00:00",800,0,"09/11/20 00:00:00","09/11/20 00:00:00"
1380,903,"04/10/20 00:00:00",30000,0,"05/10/20 00:00:00","04/10/20 00:00:00"
1587,952,"06/16/20 00:00:00",3750,0,"07/16/20 00:00:00","07/16/20 00:00:00"
1588,953,"06/02/20 00:00:00",25000,0,"07/02/20 00:00:00","06/02/20 00:00:00"
1589,958,"06/11/20 00:00:00",25000,0,"07/09/20 00:00:00","06/09/20 00:00:00"
1590,959,"07/14/20 00:00:00",25000,0,"07/07/20 00:00:00","07/03/20 00:00:00"
1591,960,,,0,,
1592,961,"06/06/20 00:00:00",20000,0,"07/31/20 00:00:00","07/06/20 00:00:00"
1593,962,"06/29/20 00:00:00",22000,0,"06/29/20 00:00:00","06/29/20 00:00:00"
1594,963,"06/18/20 00:00:00",25000,0,"07/18/20 00:00:00","06/18/20 00:00:00"
1595,964,"07/07/20 00:00:00",6000,0,"08/31/20 00:00:00","08/31/20 00:00:00"
1596,964,"07/21/20 00:00:00",6000,0,"08/31/20 00:00:00","08/31/20 00:00:00"
1597,965,"06/18/20 00:00:00",3000,0,"07/18/20 00:00:00","07/31/20 00:00:00"
1598,966,"07/06/20 00:00:00",25000,0,"08/31/20 00:00:00","08/06/20 00:00:00"
1599,966,"07/13/20 00:00:00",25000,0,"08/31/20 00:00:00","08/13/20 00:00:00"
1600,966,"07/20/20 00:00:00",25000,0,"08/31/20 00:00:00","08/20/20 00:00:00"
1601,966,"07/27/20 00:00:00",25000,0,"08/31/20 00:00:00","08/27/20 00:00:00"
1602,966,"08/03/20 00:00:00",25000,0,"09/30/20 00:00:00","09/03/20 00:00:00"
1603,966,"08/10/20 00:00:00",25000,0,"09/30/20 00:00:00","09/10/20 00:00:00"
1604,966,"08/17/20 00:00:00",25000,0,"09/30/20 00:00:00","09/17/20 00:00:00"
1605,966,"08/24/20 00:00:00",25000,0,"09/30/20 00:00:00","09/24/20 00:00:00"
1606,966,"08/31/20 00:00:00",25000,0,"09/30/20 00:00:00","09/30/20 00:00:00"
1607,966,"09/07/20 00:00:00",25000,0,"10/31/20 00:00:00","10/07/20 00:00:00"
1608,966,"09/14/20 00:00:00",25000,0,"10/31/20 00:00:00","10/14/20 00:00:00"
1609,966,"09/21/20 00:00:00",25000,0,"10/31/20 00:00:00","10/21/20 00:00:00"
1610,966,"09/28/20 00:00:00",25000,0,"10/31/20 00:00:00","10/28/20 00:00:00"
1611,967,"07/06/20 00:00:00",350,0,"08/06/20 00:00:00","08/06/20 00:00:00"
1612,968,"07/17/20 00:00:00",300,0,"08/17/20 00:00:00","08/17/20 00:00:00"
1613,969,"07/30/20 00:00:00",2500,0,"08/30/20 00:00:00","08/30/20 00:00:00"
1614,970,"07/06/20 00:00:00",25000,0,"08/06/20 00:00:00","07/06/20 00:00:00"
1615,971,"07/07/20 00:00:00",3000,0,"08/07/20 00:00:00","08/07/20 00:00:00"
1616,967,,,0,,
1617,967,"07/08/20 00:00:00",100,0,"08/08/20 00:00:00","08/08/20 00:00:00"
1618,972,"08/04/20 00:00:00",5000,0,"09/30/20 00:00:00","09/30/20 00:00:00"
1619,972,"08/18/20 00:00:00",5000,0,"09/30/20 00:00:00","09/30/20 00:00:00"
1620,973,"07/21/20 00:00:00",25000,0,"08/21/20 00:00:00","08/21/20 00:00:00"
1621,974,"08/19/20 00:00:00",24000,0,"09/20/20 00:00:00","09/20/20 00:00:00"
1622,974,"09/03/20 00:00:00",24000,0,"10/03/20 00:00:00","10/03/20 00:00:00"
1623,975,"07/24/20 00:00:00",1500,0,"08/24/20 00:00:00","08/24/20 00:00:00"
1624,976,"07/30/20 00:00:00",25000,0,"08/31/20 00:00:00","08/30/20 00:00:00"
1625,977,"09/04/20 00:00:00",3750,0,"10/04/20 00:00:00","10/04/20 00:00:00"
1626,978,"07/31/20 00:00:00",44,0,"08/04/20 00:00:00","08/04/20 00:00:00"
1627,979,"08/26/20 00:00:00",1000,0,"09/26/20 00:00:00","09/26/20 00:00:00"
1628,979,"09/08/20 00:00:00",1000,0,"10/08/20 00:00:00","10/08/20 00:00:00"
1629,979,"09/22/20 00:00:00",1000,0,"10/22/20 00:00:00","10/22/20 00:00:00"
1630,979,"10/06/20 00:00:00",1000,0,"11/06/20 00:00:00","11/06/20 00:00:00"
1631,979,"10/20/20 00:00:00",1000,0,"11/20/20 00:00:00","11/20/20 00:00:00"
1632,979,"11/03/20 00:00:00",1000,0,"12/03/20 00:00:00","12/03/20 00:00:00"
1633,979,"11/17/20 00:00:00",1000,0,"12/17/20 00:00:00","12/17/20 00:00:00"
1634,980,"08/21/20 00:00:00",3800,0,"09/21/20 00:00:00","09/21/20 00:00:00"
1635,981,"09/01/20 00:00:00",500,0,"10/01/20 00:00:00","10/01/20 00:00:00"
1636,981,"09/15/20 00:00:00",500,0,"10/15/20 00:00:00","10/15/20 00:00:00"
1637,981,"09/29/20 00:00:00",500,0,"10/29/20 00:00:00","10/29/20 00:00:00"
1640,981,"11/10/20 00:00:00",500,0,"12/10/20 00:00:00","12/10/20 00:00:00"
1641,981,"11/24/20 00:00:00",500,0,"12/24/20 00:00:00","12/24/20 00:00:00"
1642,981,"12/08/20 00:00:00",500,0,"01/08/21 00:00:00","01/08/21 00:00:00"
1643,981,"12/22/20 00:00:00",500,0,"01/22/21 00:00:00","01/22/21 00:00:00"
1646,985,"08/17/20 00:00:00",25000,0,"08/10/20 00:00:00","08/03/20 00:00:00"
1647,986,"08/12/20 00:00:00",25000,0,"09/12/20 00:00:00","08/12/20 00:00:00"
1648,988,"09/28/20 00:00:00",5000,0,"09/18/20 00:00:00","09/17/20 00:00:00"
1649,989,"08/13/20 00:00:00",25000,0,"09/13/20 00:00:00","09/13/20 00:00:00"
1650,990,"08/13/20 00:00:00",600,0,"09/13/20 00:00:00","09/13/20 00:00:00"
1651,991,"09/04/20 00:00:00",2500,0,"10/04/20 00:00:00","10/30/20 00:00:00"
1652,992,"01/29/21 00:00:00",24000,0,"02/28/21 00:00:00","02/28/21 00:00:00"
1653,992,"02/15/21 00:00:00",24000,0,"03/15/21 00:00:00","03/30/21 00:00:00"
1654,993,"08/27/20 00:00:00",25000,0,"09/27/20 00:00:00","09/27/20 00:00:00"
1655,988,,6000,0,,
1656,995,"09/01/20 00:00:00",5000,0,"10/30/20 00:00:00","10/30/20 00:00:00"
1657,995,"09/15/20 00:00:00",5000,0,"10/30/20 00:00:00","10/30/20 00:00:00"
1658,996,"09/03/20 00:00:00",25000,0,"10/03/20 00:00:00","10/03/20 00:00:00"
1659,998,"09/01/20 00:00:00",300,0,"10/01/20 00:00:00","10/01/20 00:00:00"
1660,998,"09/15/20 00:00:00",300,0,"10/15/20 00:00:00","10/15/20 00:00:00"
1661,998,"09/29/20 00:00:00",300,0,"10/29/20 00:00:00","10/29/20 00:00:00"
1662,998,"10/13/20 00:00:00",300,0,"11/13/20 00:00:00","11/13/20 00:00:00"
1663,998,"10/27/20 00:00:00",300,0,"11/27/20 00:00:00","11/27/20 00:00:00"
1664,998,"11/10/20 00:00:00",300,0,"12/10/20 00:00:00","12/10/20 00:00:00"
1665,998,"11/24/20 00:00:00",300,0,"12/24/20 00:00:00","12/24/20 00:00:00"
1666,998,"12/08/20 00:00:00",300,0,"01/08/21 00:00:00","01/08/21 00:00:00"
1667,998,"12/22/20 00:00:00",300,0,"01/22/21 00:00:00","01/22/21 00:00:00"
1668,999,"09/08/20 00:00:00",25000,0,"10/08/20 00:00:00","09/08/20 00:00:00"
1669,1000,"09/10/20 00:00:00",1850,0,"10/10/20 00:00:00","10/10/20 00:00:00"
1670,1001,"09/10/20 00:00:00",25000,0,"10/10/20 00:00:00","10/10/20 00:00:00"
1671,1001,"09/17/20 00:00:00",25000,0,"10/17/20 00:00:00","10/17/20 00:00:00"
1672,1001,"09/22/20 00:00:00",25000,0,"10/22/20 00:00:00","10/22/20 00:00:00"
1673,1002,"09/15/20 00:00:00",25000,0,"10/15/20 00:00:00","09/15/20 00:00:00"
1674,1004,"09/14/20 00:00:00",25000,0,"10/14/20 00:00:00","09/14/20 00:00:00"
1675,1006,"09/29/20 00:00:00",5000,0,"10/31/20 00:00:00","10/31/20 00:00:00"
1676,1007,"09/14/20 00:00:00",150,0,"10/14/20 00:00:00","10/14/20 00:00:00"
1677,1008,"09/22/20 00:00:00",100,0,"10/22/20 00:00:00","09/14/20 00:00:00"
1678,1009,"10/14/20 00:00:00",900,0,"11/30/20 00:00:00","11/14/20 00:00:00"
1679,1010,"10/14/20 00:00:00",600,0,"11/30/20 00:00:00","11/14/20 00:00:00"
1680,1011,"10/01/20 00:00:00",25000,0,"11/01/20 00:00:00","11/01/20 00:00:00"
1681,1011,"10/08/20 00:00:00",25000,0,"11/08/20 00:00:00","11/08/20 00:00:00"
1682,1011,"10/15/20 00:00:00",25000,0,"11/15/20 00:00:00","11/15/20 00:00:00"
1683,1011,"10/22/20 00:00:00",25000,0,"11/22/20 00:00:00","11/22/20 00:00:00"
1684,1011,"10/29/20 00:00:00",25000,0,"11/29/20 00:00:00","11/29/20 00:00:00"
1685,1011,"11/05/20 00:00:00",25000,0,"12/05/20 00:00:00","12/05/20 00:00:00"
1686,1011,"11/12/20 00:00:00",25000,0,"12/12/20 00:00:00","12/12/20 00:00:00"
1725,1045,"10/15/20 00:00:00",4000,0,"11/15/20 00:00:00","11/30/20 00:00:00"
1726,1046,"10/20/20 00:00:00",5000,0,"11/30/20 00:00:00","11/30/20 00:00:00"
1381,903,"04/14/20 00:00:00",30000,0,"05/14/20 00:00:00","04/14/20 00:00:00"
1687,1011,"11/19/20 00:00:00",25000,0,"12/19/20 00:00:00","12/19/20 00:00:00"
1688,1011,"11/26/20 00:00:00",25000,0,"12/26/20 00:00:00","12/26/20 00:00:00"
1689,1011,,,0,,
1690,1011,"12/10/20 00:00:00",25000,0,"01/10/21 00:00:00","01/10/21 00:00:00"
1691,1011,"12/17/20 00:00:00",25000,0,"01/17/21 00:00:00","01/17/21 00:00:00"
1692,1011,"12/24/20 00:00:00",25000,0,"01/24/21 00:00:00","01/24/21 00:00:00"
1693,1011,"12/31/20 00:00:00",25000,0,"01/31/21 00:00:00","01/31/21 00:00:00"
1694,1012,"09/28/20 00:00:00",1000,0,"10/28/20 00:00:00","10/28/20 00:00:00"
1695,1013,"09/21/20 00:00:00",25000,0,"10/21/20 00:00:00","09/21/20 00:00:00"
1696,1015,"09/22/20 00:00:00",25000,0,"10/22/20 00:00:00","09/22/20 00:00:00"
1697,1017,"10/06/20 00:00:00",5000,0,"11/30/20 00:00:00","11/30/20 00:00:00"
1698,1017,"10/13/20 00:00:00",5000,0,"11/30/20 00:00:00","11/30/20 00:00:00"
1699,1018,"09/28/20 00:00:00",880,0,"10/28/20 00:00:00","09/21/20 00:00:00"
1700,1019,"10/29/20 00:00:00",750,0,"11/29/20 00:00:00","11/30/20 00:00:00"
1701,1020,"10/27/20 00:00:00",4000,0,"11/27/20 00:00:00","11/30/20 00:00:00"
1702,1021,,,0,,
1703,1022,"09/28/20 00:00:00",25000,0,"10/28/20 00:00:00","09/28/20 00:00:00"
1704,1024,"10/04/20 00:00:00",300,0,"09/25/20 00:00:00","11/04/20 00:00:00"
1705,1025,"10/01/20 00:00:00",100,0,"11/01/20 00:00:00","11/01/20 00:00:00"
1706,1026,"10/13/20 00:00:00",400,0,"11/13/20 00:00:00","11/30/20 00:00:00"
1707,1027,"10/05/20 00:00:00",3000,0,"11/05/20 00:00:00","11/05/20 00:00:00"
1708,1028,"10/05/20 00:00:00",25000,0,"11/05/20 00:00:00","10/01/20 00:00:00"
1709,1030,"10/12/20 00:00:00",1125,0,"11/12/20 00:00:00","10/02/20 00:00:00"
1710,1031,"10/09/20 00:00:00",1000,0,"11/09/20 00:00:00","11/09/20 00:00:00"
1711,1032,"10/14/20 00:00:00",7000,0,"11/14/20 00:00:00","11/30/20 00:00:00"
1712,1033,"10/23/20 00:00:00",22000,0,"10/14/20 00:00:00","10/12/20 00:00:00"
1713,1034,"10/08/20 00:00:00",250,0,"11/08/20 00:00:00","11/08/20 00:00:00"
1714,1036,"10/14/20 00:00:00",7000,0,"11/14/20 00:00:00","11/30/20 00:00:00"
1715,1037,,,0,,
1716,1037,"01/14/21 00:00:00",23750,0,"02/14/21 00:00:00","01/13/21 00:00:00"
1717,1037,"02/04/21 00:00:00",23750,0,"03/04/21 00:00:00","01/27/21 00:00:00"
1718,1037,"04/12/21 00:00:00",23750,0,"05/12/21 00:00:00","03/24/21 00:00:00"
1719,1038,"10/15/20 00:00:00",500,0,"11/15/20 00:00:00","10/08/20 00:00:00"
1720,1039,"10/14/20 00:00:00",300,0,"11/14/20 00:00:00","11/14/20 00:00:00"
1721,1040,"10/15/20 00:00:00",4000,0,"11/15/20 00:00:00","11/30/20 00:00:00"
1722,1041,"10/14/20 00:00:00",2500,0,"11/14/20 00:00:00","11/30/20 00:00:00"
1723,1042,"10/10/20 00:00:00",13000,0,"10/17/20 00:00:00","11/10/20 00:00:00"
1724,1044,"10/12/20 00:00:00",25000,0,"11/12/20 00:00:00","10/12/20 00:00:00"
1730,1050,"11/09/20 00:00:00",25000,0,"12/09/20 00:00:00","12/09/20 00:00:00"
1731,1051,"02/18/21 00:00:00",22000,0,"02/08/21 00:00:00","02/08/21 00:00:00"
1732,1051,"03/03/21 00:00:00",22000,0,"02/22/21 00:00:00","02/17/21 00:00:00"
1733,1051,"04/02/21 00:00:00",22000,0,"03/23/21 00:00:00","03/19/21 00:00:00"
1734,1052,"11/04/20 00:00:00",2500,0,"12/04/20 00:00:00","12/30/20 00:00:00"
1735,1052,"11/25/20 00:00:00",2500,0,"12/25/21 00:00:00","12/30/20 00:00:00"
1736,1053,"10/22/20 00:00:00",300,0,"11/30/20 00:00:00","11/22/20 00:00:00"
1737,1054,"10/27/20 00:00:00",5000,0,"11/30/20 00:00:00","11/30/20 00:00:00"
1738,1055,"10/29/20 00:00:00",300,0,"11/30/20 00:00:00","11/29/20 00:00:00"
1739,1056,"11/03/20 00:00:00",1400,0,"12/02/20 00:00:00","12/02/20 00:00:00"
1740,1057,"11/05/20 00:00:00",3500,0,"12/05/20 00:00:00","12/31/20 00:00:00"
1741,1060,"11/03/20 00:00:00",5000,0,"12/31/20 00:00:00","12/31/20 00:00:00"
1742,1061,"01/02/21 00:00:00",20000,0,"11/20/20 00:00:00","11/16/20 00:00:00"
1743,1062,"11/03/20 00:00:00",3000,0,"12/03/20 00:00:00","12/03/20 00:00:00"
1744,1049,"03/11/21 00:00:00",24000,0,"04/11/21 00:00:00","04/30/21 00:00:00"
1745,1063,"12/09/20 00:00:00",22000,0,"01/09/21 00:00:00","12/15/20 00:00:00"
1746,1064,"11/05/20 00:00:00",300,0,"11/03/20 00:00:00","12/05/20 00:00:00"
1747,1065,"11/10/20 00:00:00",5000,0,"12/31/20 00:00:00","12/31/20 00:00:00"
1748,1066,"11/12/20 00:00:00",700,0,"12/12/20 00:00:00","12/12/20 00:00:00"
1749,1067,"12/01/20 00:00:00",1000,0,"01/01/21 00:00:00","01/01/21 00:00:00"
1750,1067,"12/15/20 00:00:00",1000,0,"01/15/21 00:00:00","01/15/21 00:00:00"
1751,1067,"12/22/20 00:00:00",1000,0,"01/22/21 00:00:00","01/22/21 00:00:00"
1752,1067,"01/12/21 00:00:00",1000,0,"02/12/21 00:00:00","02/12/21 00:00:00"
1753,1067,,,0,,
1754,1068,"11/13/20 00:00:00",720,0,"12/13/20 00:00:00","12/13/20 00:00:00"
1755,1071,"11/12/20 00:00:00",4000,0,"12/12/20 00:00:00","12/31/20 00:00:00"
1756,1072,"11/18/20 00:00:00",2500,0,"12/18/20 00:00:00","12/18/20 00:00:00"
1757,1073,"11/16/20 00:00:00",2700,0,"12/16/20 00:00:00","12/16/20 00:00:00"
1758,1074,"11/17/20 00:00:00",25000,0,"12/31/20 00:00:00","12/17/20 00:00:00"
1759,1075,"11/25/20 00:00:00",1500,0,"12/25/20 00:00:00","12/25/20 00:00:00"
1760,1076,"11/17/20 00:00:00",3000,0,"12/31/20 00:00:00","12/31/20 00:00:00"
1761,1077,"11/24/20 00:00:00",3750,0,"12/24/20 00:00:00","12/24/20 00:00:00"
1762,1078,"11/23/20 00:00:00",23000,0,"12/23/20 00:00:00","12/23/20 00:00:00"
1763,1078,"12/11/20 00:00:00",23000,0,"01/11/21 00:00:00","01/11/21 00:00:00"
1764,1079,"12/10/20 00:00:00",24000,0,"01/10/21 00:00:00","01/10/21 00:00:00"
1765,1079,"01/20/21 00:00:00",24000,0,"02/20/21 00:00:00","02/20/21 00:00:00"
1766,1079,"02/17/21 00:00:00",24000,0,"03/17/21 00:00:00","03/17/21 00:00:00"
1767,1081,"11/26/20 00:00:00",3000,0,"12/26/20 00:00:00","12/31/20 00:00:00"
1768,1081,"12/03/20 00:00:00",3000,0,"01/03/21 00:00:00","01/31/21 00:00:00"
1769,1081,,,0,,
1770,1081,"12/17/20 00:00:00",3000,0,"01/17/21 00:00:00","01/31/21 00:00:00"
1771,1082,"11/19/20 00:00:00",3500,0,"12/19/20 00:00:00","12/31/20 00:00:00"
1772,1083,"11/24/20 00:00:00",25000,0,"12/31/20 00:00:00","12/24/20 00:00:00"
1773,1084,"11/26/20 00:00:00",3000,0,"12/26/20 00:00:00","12/31/20 00:00:00"
1774,1084,"12/03/20 00:00:00",3000,0,"01/03/21 00:00:00","01/31/21 00:00:00"
1775,1084,,,0,,
1776,1084,"12/17/20 00:00:00",3000,0,"01/17/21 00:00:00","01/31/21 00:00:00"
1777,1086,"12/01/20 00:00:00",6750,0,"01/01/21 00:00:00","01/01/21 00:00:00"
1778,1087,"12/02/20 00:00:00",1250,0,"01/02/21 00:00:00","01/02/21 00:00:00"
1779,1037,"03/31/21 00:00:00",23750,0,"04/30/21 00:00:00","03/15/21 00:00:00"
1780,1088,"12/09/20 00:00:00",2500,0,"01/09/21 00:00:00","01/09/21 00:00:00"
1782,1091,"12/16/20 00:00:00",22000,0,"01/15/21 00:00:00","01/15/21 00:00:00"
1783,1092,"12/21/20 00:00:00",22000,0,"01/21/21 00:00:00","01/21/21 00:00:00"
1784,1093,"12/11/20 00:00:00",1440,0,"01/11/21 00:00:00","01/11/21 00:00:00"
1785,1094,"12/28/20 00:00:00",22000,0,"01/28/21 00:00:00","01/28/21 00:00:00"
1786,1095,"01/14/21 00:00:00",1900,0,"02/28/21 00:00:00","02/14/21 00:00:00"
1787,1096,"01/15/21 00:00:00",10800,0,"01/04/21 00:00:00","02/15/21 00:00:00"
1788,1097,"12/21/20 00:00:00",150,0,"01/21/21 00:00:00","01/21/21 00:00:00"
1789,1098,"01/12/21 00:00:00",500,0,"02/05/21 00:00:00","02/05/21 00:00:00"
1790,1098,"01/19/21 00:00:00",500,0,"02/19/21 00:00:00","02/19/21 00:00:00"
1376,902,"04/06/20 00:00:00",25000,0,"05/06/20 00:00:00","05/06/20 00:00:00"
1791,1098,"02/02/21 00:00:00",500,0,"03/02/21 00:00:00","03/02/21 00:00:00"
1792,1098,"02/16/21 00:00:00",500,0,"03/16/21 00:00:00","03/16/21 00:00:00"
1793,1098,"03/02/21 00:00:00",500,0,"04/02/21 00:00:00","04/02/21 00:00:00"
1794,1098,"03/16/21 00:00:00",500,0,"04/16/21 00:00:00","04/16/21 00:00:00"
1795,1098,"03/30/21 00:00:00",500,0,"04/30/21 00:00:00","04/30/21 00:00:00"
1796,1102,"01/18/21 00:00:00",800,0,"02/18/21 00:00:00","02/18/21 00:00:00"
1797,1103,"01/04/21 00:00:00",100,0,"01/04/21 00:00:00","12/22/20 00:00:00"
1798,1104,"01/05/21 00:00:00",300,0,"02/28/21 00:00:00","02/05/21 00:00:00"
1799,1105,"01/08/21 00:00:00",25000,0,"02/08/21 00:00:00","02/08/21 00:00:00"
1800,1105,,,0,,
1801,1105,"01/15/21 00:00:00",25000,0,"02/15/21 00:00:00","02/15/21 00:00:00"
1802,1105,"01/21/21 00:00:00",25000,0,"02/21/21 00:00:00","02/21/21 00:00:00"
1803,1105,"01/28/21 00:00:00",25000,0,"02/28/21 00:00:00","02/28/21 00:00:00"
1804,1105,"01/29/21 00:00:00",25000,0,"02/28/21 00:00:00","02/28/21 00:00:00"
1805,1105,"02/04/21 00:00:00",25000,0,"03/04/21 00:00:00","03/04/21 00:00:00"
1806,1105,"02/11/21 00:00:00",25000,0,"03/11/21 00:00:00","03/11/21 00:00:00"
1807,1105,"02/12/21 00:00:00",25000,0,"03/12/21 00:00:00","03/12/21 00:00:00"
1808,1105,"02/18/21 00:00:00",25000,0,"03/18/21 00:00:00","03/18/21 00:00:00"
1809,1105,,,0,,
1811,1105,"02/26/21 00:00:00",25000,0,"03/26/21 00:00:00","03/26/21 00:00:00"
1812,1105,"03/01/21 00:00:00",25000,0,"04/01/21 00:00:00","04/01/21 00:00:00"
1813,1105,"03/05/21 00:00:00",25000,0,"04/05/21 00:00:00","04/05/21 00:00:00"
1814,1105,"03/12/21 00:00:00",25000,0,"04/12/21 00:00:00","04/12/21 00:00:00"
1815,1105,"03/15/21 00:00:00",25000,0,"04/15/21 00:00:00","04/15/21 00:00:00"
1816,1105,"03/19/21 00:00:00",25000,0,"04/19/21 00:00:00","04/19/21 00:00:00"
1817,1105,"03/26/21 00:00:00",25000,0,"04/26/21 00:00:00","04/26/21 00:00:00"
1818,1107,"01/15/21 00:00:00",22000,0,"01/08/21 00:00:00","01/08/21 00:00:00"
1819,1108,"01/29/21 00:00:00",2500,0,"02/28/21 00:00:00","02/28/21 00:00:00"
1820,1109,"01/20/21 00:00:00",2500,0,"02/20/21 00:00:00","02/20/21 00:00:00"
1821,1110,"01/18/21 00:00:00",8000,0,"01/30/21 00:00:00","02/18/21 00:00:00"
1822,1111,"01/18/21 00:00:00",22500,0,"01/30/21 00:00:00","01/30/21 00:00:00"
1823,1112,"01/15/21 00:00:00",1500,0,"02/15/21 00:00:00","02/15/21 00:00:00"
1824,1113,"01/21/21 00:00:00",3000,0,"02/21/21 00:00:00","02/28/21 00:00:00"
1825,1113,"01/28/21 00:00:00",3000,0,"02/28/21 00:00:00","02/28/21 00:00:00"
1826,1114,"01/20/21 00:00:00",19000,0,"01/15/21 00:00:00","01/14/21 00:00:00"
1827,1115,"01/18/21 00:00:00",100,0,"02/18/21 00:00:00","02/18/21 00:00:00"
1828,1117,"01/18/21 00:00:00",1000,0,"02/18/21 00:00:00","02/18/21 00:00:00"
1829,1120,"01/20/21 00:00:00",22500,0,"02/20/21 00:00:00","02/20/21 00:00:00"
1830,1122,"01/18/21 00:00:00",10000,0,"02/18/21 00:00:00","02/18/21 00:00:00"
1831,1123,"01/18/21 00:00:00",15000,0,"02/18/21 00:00:00","02/18/21 00:00:00"
1832,1124,"02/10/21 00:00:00",1000,0,"03/10/21 00:00:00","03/10/21 00:00:00"
1833,1125,"02/12/21 00:00:00",750,0,"03/12/21 00:00:00","03/30/21 00:00:00"
1834,1126,"02/09/21 00:00:00",1000,0,"03/09/21 00:00:00","03/09/21 00:00:00"
1835,1126,"02/23/21 00:00:00",1000,0,"03/23/21 00:00:00","03/23/21 00:00:00"
1836,1126,"03/09/21 00:00:00",1000,0,"04/09/21 00:00:00","04/09/21 00:00:00"
1837,1126,"03/23/21 00:00:00",1000,0,"04/23/21 00:00:00","04/23/21 00:00:00"
1838,1126,"04/06/21 00:00:00",1000,0,"05/06/21 00:00:00","05/06/21 00:00:00"
1839,1126,"04/20/21 00:00:00",1000,0,"05/20/21 00:00:00","05/20/21 00:00:00"
1840,1127,"01/29/21 00:00:00",22000,0,"01/22/21 00:00:00","02/28/21 00:00:00"
1841,1127,"02/19/21 00:00:00",22000,0,"02/10/21 00:00:00","03/19/21 00:00:00"
1842,1128,"01/28/21 00:00:00",8000,0,"02/10/21 00:00:00","02/28/21 00:00:00"
1843,1129,"02/16/21 00:00:00",3000,0,"03/16/21 00:00:00","02/28/21 00:00:00"
1844,1130,"01/26/21 00:00:00",1500,0,"02/28/21 00:00:00","02/26/21 00:00:00"
1845,1131,"02/15/21 00:00:00",22000,0,"03/15/21 00:00:00","03/15/21 00:00:00"
1846,1132,"02/01/21 00:00:00",22000,0,"03/01/21 00:00:00","03/01/21 00:00:00"
1847,1133,"02/04/21 00:00:00",22000,0,"03/04/21 00:00:00","03/04/21 00:00:00"
1848,1134,"02/01/21 00:00:00",100,0,"03/01/21 00:00:00","03/01/21 00:00:00"
1849,1135,"02/12/21 00:00:00",300,0,"03/12/21 00:00:00","03/12/21 00:00:00"
1850,1136,"02/11/21 00:00:00",4000,0,"03/31/21 00:00:00","03/31/21 00:00:00"
1851,1136,"02/25/21 00:00:00",4000,0,"03/31/21 00:00:00","03/31/21 00:00:00"
1852,1049,"04/09/21 00:00:00",24000,0,"05/09/21 00:00:00","05/30/21 00:00:00"
1853,1137,"02/15/21 00:00:00",8000,0,"02/28/21 00:00:00","03/15/21 00:00:00"
1854,1138,"04/13/21 00:00:00",500,0,"05/13/21 00:00:00","05/13/21 00:00:00"
1855,1138,"04/27/21 00:00:00",500,0,"05/27/21 00:00:00","05/27/21 00:00:00"
1856,1138,"05/11/21 00:00:00",500,0,"06/11/21 00:00:00","06/11/21 00:00:00"
1857,1138,"05/25/21 00:00:00",500,0,"06/25/21 00:00:00","06/25/21 00:00:00"
1858,1138,"06/01/21 00:00:00",500,0,"07/01/21 00:00:00","07/01/21 00:00:00"
1859,1138,"06/15/21 00:00:00",500,0,"07/15/21 00:00:00","07/15/21 00:00:00"
1860,1138,"06/29/21 00:00:00",500,0,"07/29/21 00:00:00","07/29/21 00:00:00"
1861,1140,"02/11/21 00:00:00",,0,,
1863,1143,"03/03/21 00:00:00",3000,0,"04/03/21 00:00:00","04/30/21 00:00:00"
1864,1144,"03/02/21 00:00:00",3000,0,"04/02/21 00:00:00","04/02/21 00:00:00"
1865,1145,"02/18/21 00:00:00",25000,0,"02/18/21 00:00:00","02/18/21 00:00:00"
1866,1146,"02/19/21 00:00:00",25000,0,"02/18/21 00:00:00","03/31/21 00:00:00"
1867,1147,"03/05/21 00:00:00",1250,0,"04/05/21 00:00:00","04/05/21 00:00:00"
1868,1148,"03/05/21 00:00:00",2500,0,"04/05/21 00:00:00","04/05/21 00:00:00"
1869,1149,"03/31/21 00:00:00",1500,0,"04/30/21 00:00:00","04/30/21 00:00:00"
1870,1150,"03/31/21 00:00:00",650,0,"04/30/21 00:00:00","04/30/21 00:00:00"
1871,1151,"03/08/21 00:00:00",900,0,"04/08/21 00:00:00","04/08/21 00:00:00"
1872,1152,"03/03/21 00:00:00",25000,0,"04/03/21 00:00:00","03/03/21 00:00:00"
1873,1154,"03/11/21 00:00:00",5000,0,"04/30/21 00:00:00","04/30/21 00:00:00"
1874,1155,"03/05/21 00:00:00",25000,0,"04/05/21 00:00:00","03/05/21 00:00:00"
1875,1156,"03/23/21 00:00:00",1000,0,"04/24/21 00:00:00","04/30/21 00:00:00"
1876,1157,"03/16/21 00:00:00",25000,0,"04/16/21 00:00:00","04/16/21 00:00:00"
1877,1158,"03/15/21 00:00:00",1000,0,"04/15/21 00:00:00","03/30/21 00:00:00"
1878,1159,"03/24/21 00:00:00",4000,0,"04/24/21 00:00:00","04/24/21 00:00:00"
1879,1160,"03/23/21 00:00:00",5000,0,"04/30/21 00:00:00","04/30/21 00:00:00"
1880,1160,"04/15/21 00:00:00",5000,0,"05/30/21 00:00:00","05/30/21 00:00:00"
1881,1161,"03/29/21 00:00:00",500,0,"04/29/21 00:00:00","04/29/21 00:00:00"
1882,1161,"05/10/21 00:00:00",1500,0,"06/10/21 00:00:00","06/10/21 00:00:00"
1883,1161,"06/14/21 00:00:00",1500,0,"07/14/21 00:00:00","07/14/21 00:00:00"
1884,1160,"04/29/21 00:00:00",5000,0,"05/30/21 00:00:00","05/30/21 00:00:00"
1885,1160,"05/13/21 00:00:00",5000,0,"06/30/21 00:00:00","06/30/21 00:00:00"
1886,1160,"05/27/21 00:00:00",5000,0,"06/30/21 00:00:00","06/30/21 00:00:00"
1887,1163,"03/24/21 00:00:00",500,0,"04/30/21 00:00:00","04/24/21 00:00:00"
1888,1164,"04/06/21 00:00:00",5000,0,"03/23/21 00:00:00","05/06/21 00:00:00"
1889,1051,"04/07/21 00:00:00",22000,0,"03/25/21 00:00:00","03/23/21 00:00:00"
1890,1165,,,0,,
1377,902,"04/07/20 00:00:00",25000,0,"05/07/20 00:00:00","05/07/20 00:00:00"
1378,902,"04/08/20 00:00:00",50000,0,"05/08/20 00:00:00","05/08/20 00:00:00"
1379,902,"04/10/20 00:00:00",25000,0,"05/10/20 00:00:00","05/10/20 00:00:00"
1238,834,"12/30/19 00:00:00",50000,0,"01/30/20 00:00:00","01/30/20 00:00:00"
1239,834,"12/31/19 00:00:00",25000,0,"01/31/20 00:00:00","01/31/20 00:00:00"
1240,834,"01/02/20 00:00:00",25000,0,"02/02/20 00:00:00","02/02/20 00:00:00"
1241,835,"01/06/20 00:00:00",25000,0,"02/28/20 00:00:00","02/05/20 00:00:00"
1242,835,"01/13/20 00:00:00",25000,0,"02/28/20 00:00:00","02/13/20 00:00:00"
1243,835,"01/20/20 00:00:00",25000,0,"02/28/20 00:00:00","02/20/20 00:00:00"
1244,835,"01/27/20 00:00:00",25000,0,"02/28/20 00:00:00","02/27/20 00:00:00"
1245,835,"02/03/20 00:00:00",25000,0,"03/31/20 00:00:00","03/03/20 00:00:00"
1246,835,"02/10/20 00:00:00",25000,0,"03/31/20 00:00:00","03/10/20 00:00:00"
1247,835,"02/17/20 00:00:00",25000,0,"03/31/20 00:00:00","03/17/20 00:00:00"
1248,835,"02/24/20 00:00:00",25000,0,"03/31/20 00:00:00","03/24/20 00:00:00"
1249,835,"03/02/20 00:00:00",25000,0,"04/30/20 00:00:00","04/02/20 00:00:00"
1250,835,"03/09/20 00:00:00",25000,0,"04/30/20 00:00:00","04/09/20 00:00:00"
1251,835,"03/16/20 00:00:00",25000,0,"04/30/20 00:00:00","04/16/20 00:00:00"
1252,835,"03/23/20 00:00:00",25000,0,"04/30/20 00:00:00","04/23/20 00:00:00"
1253,835,"03/30/20 00:00:00",25000,0,"04/30/20 00:00:00","04/30/20 00:00:00"
1255,836,"01/06/20 00:00:00",25000,0,"02/06/20 00:00:00","02/06/20 00:00:00"
1256,836,"01/07/20 00:00:00",25000,0,"02/07/20 00:00:00","02/07/20 00:00:00"
1257,836,"01/08/20 00:00:00",25000,0,"02/08/20 00:00:00","02/08/20 00:00:00"
1258,836,"01/09/20 00:00:00",25000,0,"02/09/20 00:00:00","02/09/20 00:00:00"
1259,838,"01/06/20 00:00:00",25000,0,"02/06/20 00:00:00","02/06/20 00:00:00"
1260,839,"01/13/20 00:00:00",25000,0,"02/13/20 00:00:00","02/13/20 00:00:00"
1261,839,"01/14/20 00:00:00",25000,0,"02/14/20 00:00:00","02/14/20 00:00:00"
1262,839,"01/15/20 00:00:00",25000,0,"02/15/20 00:00:00","02/15/20 00:00:00"
1263,839,"01/16/20 00:00:00",25000,0,"02/16/20 00:00:00","02/16/20 00:00:00"
1264,841,"01/20/20 00:00:00",25000,0,"02/20/20 00:00:00","02/20/20 00:00:00"
1265,841,"01/21/20 00:00:00",25000,0,"02/21/20 00:00:00","02/21/20 00:00:00"
1266,841,"01/22/20 00:00:00",50000,0,"02/22/20 00:00:00","02/22/20 00:00:00"
1267,841,"01/23/20 00:00:00",25000,0,"02/23/20 00:00:00","02/23/20 00:00:00"
1269,843,"01/28/20 00:00:00",15000,0,"02/28/20 00:00:00","02/28/20 00:00:00"
1270,844,"01/27/20 00:00:00",25000,0,"02/27/20 00:00:00","02/27/20 00:00:00"
1271,844,"01/28/20 00:00:00",25000,0,"02/28/20 00:00:00","02/28/20 00:00:00"
1272,844,"01/29/20 00:00:00",50000,0,"02/29/20 00:00:00","02/29/20 00:00:00"
1276,846,"02/04/20 00:00:00",15000,0,"03/04/20 00:00:00","02/04/20 00:00:00"
1277,847,"02/03/20 00:00:00",25000,0,"03/03/20 00:00:00","03/03/20 00:00:00"
1278,847,"02/04/20 00:00:00",25000,0,"03/04/20 00:00:00","03/04/20 00:00:00"
1279,847,"02/05/20 00:00:00",25000,0,"03/05/20 00:00:00","03/05/20 00:00:00"
1280,847,"02/06/20 00:00:00",25000,0,"03/06/20 00:00:00","03/06/20 00:00:00"
1282,849,"02/11/20 00:00:00",5000,0,"03/11/20 00:00:00","03/31/20 00:00:00"
1283,849,"02/25/20 00:00:00",5000,0,"03/25/20 00:00:00","03/31/20 00:00:00"
1285,851,"02/10/20 00:00:00",25000,0,"03/10/20 00:00:00","03/10/20 00:00:00"
1286,851,"02/11/20 00:00:00",25000,0,"03/11/20 00:00:00","03/11/20 00:00:00"
1287,851,"02/12/20 00:00:00",25000,0,"03/12/20 00:00:00","03/12/20 00:00:00"
1288,851,"02/13/20 00:00:00",50000,0,"03/13/20 00:00:00","03/13/20 00:00:00"
1290,855,"02/13/20 00:00:00",15000,0,"03/13/20 00:00:00","02/13/20 00:00:00"
1292,856,"02/17/20 00:00:00",300,0,"03/17/20 00:00:00","03/17/20 00:00:00"
1294,859,"02/17/20 00:00:00",100,0,"03/17/20 00:00:00","03/17/20 00:00:00"
1295,860,"02/17/20 00:00:00",25000,0,"03/17/20 00:00:00","03/17/20 00:00:00"
1296,860,"02/18/20 00:00:00",25000,0,"03/18/20 00:00:00","03/18/20 00:00:00"
1297,860,"02/19/20 00:00:00",25000,0,"03/19/20 00:00:00","03/19/20 00:00:00"
1298,860,"02/20/20 00:00:00",50000,0,"03/20/20 00:00:00","03/20/20 00:00:00"
1299,861,"02/20/20 00:00:00",3000,0,"03/31/20 00:00:00","03/31/20 00:00:00"
1300,862,"03/10/20 00:00:00",5000,0,"04/30/20 00:00:00","04/30/20 00:00:00"
1302,862,"03/26/20 00:00:00",5000,0,"04/30/20 00:00:00","04/30/20 00:00:00"
1303,862,"04/07/20 00:00:00",5000,0,"05/31/20 00:00:00","05/31/20 00:00:00"
1304,862,"04/21/20 00:00:00",5000,0,"05/31/20 00:00:00","05/31/20 00:00:00"
1306,864,"02/24/20 00:00:00",25000,0,"03/24/20 00:00:00","03/24/20 00:00:00"
1307,864,"02/25/20 00:00:00",25000,0,"03/25/20 00:00:00","03/25/20 00:00:00"
1308,864,"02/26/20 00:00:00",25000,0,"03/26/20 00:00:00","03/26/20 00:00:00"
1309,864,"02/27/20 00:00:00",50000,0,"03/27/20 00:00:00","03/27/20 00:00:00"
1310,864,"03/02/20 00:00:00",25000,0,"04/02/20 00:00:00","04/02/20 00:00:00"
1311,864,"03/03/20 00:00:00",25000,0,"04/03/20 00:00:00","04/03/20 00:00:00"
1312,864,"03/04/20 00:00:00",25000,0,"04/04/20 00:00:00","04/04/20 00:00:00"
1313,864,"03/05/20 00:00:00",50000,0,"04/05/20 00:00:00","04/05/20 00:00:00"
1319,870,"03/05/20 00:00:00",4000,0,"04/30/20 00:00:00","04/30/20 00:00:00"
1320,871,"03/09/20 00:00:00",1000,0,"04/09/20 00:00:00","04/09/20 00:00:00"
1321,872,"03/09/20 00:00:00",120,0,"04/09/20 00:00:00","04/09/20 00:00:00"
1323,875,"03/17/20 00:00:00",400,0,"04/17/20 00:00:00","04/17/20 00:00:00"
1324,876,"03/18/20 00:00:00",300,0,"04/18/20 00:00:00","04/18/20 00:00:00"
1326,878,"03/09/20 00:00:00",25000,0,"04/09/20 00:00:00","04/09/20 00:00:00"
1327,878,"03/10/20 00:00:00",25000,0,"04/10/20 00:00:00","04/10/20 00:00:00"
1328,878,"03/11/20 00:00:00",25000,0,"04/11/20 00:00:00","04/11/20 00:00:00"
1329,878,"03/12/20 00:00:00",50000,0,"04/12/20 00:00:00","04/12/20 00:00:00"
1331,880,"03/09/20 00:00:00",25000,0,"04/09/20 00:00:00","04/09/20 00:00:00"
1333,882,"03/12/20 00:00:00",30000,0,"04/12/20 00:00:00","04/12/20 00:00:00"
1334,883,"03/16/20 00:00:00",25000,0,"04/16/20 00:00:00","04/16/20 00:00:00"
1335,883,"03/17/20 00:00:00",25000,0,"04/17/20 00:00:00","04/17/20 00:00:00"
1336,883,"03/18/20 00:00:00",25000,0,"04/18/20 00:00:00","04/18/20 00:00:00"
1337,883,"03/19/20 00:00:00",50000,0,"04/19/20 00:00:00","04/19/20 00:00:00"
1341,887,"03/18/20 00:00:00",10000,0,"04/18/20 00:00:00","03/18/20 00:00:00"
1343,889,"03/24/20 00:00:00",10000,0,"04/24/20 00:00:00","03/24/20 00:00:00"
1344,890,"03/23/20 00:00:00",25000,0,"04/23/20 00:00:00","04/23/20 00:00:00"
1345,890,"03/24/20 00:00:00",25000,0,"04/24/20 00:00:00","04/24/20 00:00:00"
1346,890,"03/25/20 00:00:00",25000,0,"04/25/20 00:00:00","04/25/20 00:00:00"
1347,890,"03/26/20 00:00:00",50000,0,"04/26/20 00:00:00","04/26/20 00:00:00"
1348,891,"03/23/20 00:00:00",31000,0,"04/23/20 00:00:00","04/23/20 00:00:00"
1349,892,"04/06/20 00:00:00",25000,0,"05/31/20 00:00:00","05/06/20 00:00:00"
1350,892,"04/13/20 00:00:00",25000,0,"05/31/20 00:00:00","05/13/20 00:00:00"
1351,892,"04/20/20 00:00:00",25000,0,"05/31/20 00:00:00","05/20/20 00:00:00"
1352,892,"04/27/20 00:00:00",25000,0,"05/31/20 00:00:00","05/27/20 00:00:00"
1353,892,"05/04/20 00:00:00",25000,0,"06/30/20 00:00:00","06/04/20 00:00:00"
1354,892,"05/11/20 00:00:00",25000,0,"06/30/20 00:00:00","06/11/20 00:00:00"
1355,892,"05/18/20 00:00:00",25000,0,"06/30/20 00:00:00","06/18/20 00:00:00"
1356,892,"05/25/20 00:00:00",25000,0,"06/30/20 00:00:00","06/25/20 00:00:00"
1357,892,"06/01/20 00:00:00",25000,0,"07/31/20 00:00:00","07/01/20 00:00:00"
1358,892,"06/08/20 00:00:00",25000,0,"07/31/20 00:00:00","07/08/20 00:00:00"
1359,892,"06/15/20 00:00:00",25000,0,"07/31/20 00:00:00","07/15/20 00:00:00"
1360,892,"06/22/20 00:00:00",25000,0,"07/31/20 00:00:00","07/22/20 00:00:00"
1361,892,"06/29/20 00:00:00",25000,0,"07/31/20 00:00:00","07/29/20 00:00:00"
1362,893,"03/24/20 00:00:00",31000,0,"04/24/20 00:00:00","04/24/20 00:00:00"
1364,895,"03/31/20 00:00:00",1000,0,"04/30/20 00:00:00","04/30/20 00:00:00"
1365,896,"03/30/20 00:00:00",25000,0,"04/30/20 00:00:00","04/30/20 00:00:00"
1366,896,"03/31/20 00:00:00",25000,0,"05/01/20 00:00:00","05/01/20 00:00:00"
1367,896,"04/01/20 00:00:00",25000,0,"05/01/20 00:00:00","05/01/20 00:00:00"
1368,896,"04/02/20 00:00:00",50000,0,"05/02/20 00:00:00","05/02/20 00:00:00"
1375,901,"04/08/20 00:00:00",22000,0,"05/08/20 00:00:00","04/08/20 00:00:00"
1340,886,"04/17/20 00:00:00",22000,0,"04/15/20 00:00:00","05/17/20 00:00:00"
1382,904,"04/22/20 00:00:00",1500,0,"05/22/20 00:00:00","05/22/20 00:00:00"
1374,900,"04/06/20 00:00:00",1500,0,"05/06/20 00:00:00","05/06/20 00:00:00"
1370,898,"04/16/20 00:00:00",5000,0,"05/16/20 00:00:00","05/16/20 00:00:00"
1369,897,"04/02/20 00:00:00",22000,0,"06/02/20 00:00:00","05/02/20 00:00:00"
1363,894,"03/31/20 00:00:00",2700,0,"04/30/20 00:00:00","04/30/20 00:00:00"
677,544,"09/03/18 00:00:00",25000,1,,
678,544,"09/04/18 00:00:00",25000,1,,
679,544,"09/05/18 00:00:00",25000,1,,
680,545,"09/10/18 00:00:00",200,1,,
681,546,"09/10/18 00:00:00",25000,1,,
682,546,"09/11/18 00:00:00",25000,1,,
683,546,"09/12/18 00:00:00",25000,1,,
684,547,"09/17/18 00:00:00",50000,1,,
685,547,"09/18/18 00:00:00",25000,1,,
686,548,"09/17/18 00:00:00",10000,1,,
687,549,"09/26/18 00:00:00",0,0,,
688,549,"10/10/18 00:00:00",0,0,,
689,550,"11/07/18 00:00:00",3000,1,,
690,551,"09/24/18 00:00:00",250,1,,
691,552,"09/24/18 00:00:00",25000,1,,
692,552,"09/25/18 00:00:00",25000,1,,
693,552,"09/27/18 00:00:00",25000,1,,
694,553,"09/25/18 00:00:00",3000,1,,
695,554,"10/03/18 00:00:00",25000,1,,
696,554,"10/10/18 00:00:00",25000,1,,
697,554,"10/17/18 00:00:00",25000,1,,
698,554,"10/24/18 00:00:00",25000,1,,
699,554,"11/08/18 00:00:00",25000,1,,
700,554,"11/12/18 00:00:00",25000,1,,
701,554,"11/15/18 00:00:00",25000,1,,
702,554,"11/22/18 00:00:00",25000,1,,
703,554,"11/26/18 00:00:00",25000,1,,
704,554,"12/08/18 00:00:00",25000,1,,
705,554,"12/10/18 00:00:00",25000,1,,
706,554,"12/20/18 00:00:00",25000,1,,
707,554,"12/24/18 00:00:00",25000,1,,
708,555,"11/15/18 00:00:00",110,0,,
709,555,"12/17/18 00:00:00",60,0,,
710,556,"11/15/18 00:00:00",100,0,,
711,556,"12/17/18 00:00:00",50,0,,
712,557,"11/15/18 00:00:00",1050,0,,
713,557,"12/17/18 00:00:00",1000,0,,
714,558,"11/15/18 00:00:00",950,0,,
715,558,"12/17/18 00:00:00",650,0,,
716,560,"10/01/18 00:00:00",50000,1,,
717,560,"10/02/18 00:00:00",25000,1,,
718,561,"10/15/18 00:00:00",12000,1,,
719,562,"10/03/18 00:00:00",1000,1,,
720,563,"10/01/18 00:00:00",600,1,,
721,564,"11/06/18 00:00:00",23000,1,,
722,565,"10/08/18 00:00:00",140,1,,
723,566,"10/08/18 00:00:00",200,1,,
724,567,"10/08/18 00:00:00",25000,1,,
725,567,"10/09/18 00:00:00",25000,1,,
726,567,"10/10/18 00:00:00",25000,1,,
727,568,"10/16/18 00:00:00",1000,1,,
728,569,"10/11/18 00:00:00",200,1,,
729,570,"10/30/18 00:00:00",5000,1,,
730,571,"11/06/18 00:00:00",5000,1,,
731,571,"11/13/18 00:00:00",5000,1,,
732,574,"10/15/18 00:00:00",350,1,,
733,575,"10/15/18 00:00:00",50000,1,,
734,575,"10/17/18 00:00:00",25000,1,,
735,576,"10/23/18 00:00:00",2700,1,,
736,577,"10/22/18 00:00:00",50000,1,,
737,577,"10/23/18 00:00:00",25000,1,,
738,577,"10/24/18 00:00:00",0,0,,
739,578,"10/25/18 00:00:00",500,1,,
740,579,"10/28/18 00:00:00",25000,1,,
741,579,"10/29/18 00:00:00",50000,1,,
742,580,"10/29/18 00:00:00",100,1,,
743,581,"01/10/19 00:00:00",1500,0,,
744,581,"02/11/19 00:00:00",1500,0,,
746,581,"03/11/19 00:00:00",1500,0,,
747,582,"11/05/18 00:00:00",25000,1,,
748,582,"11/06/18 00:00:00",25000,1,,
749,583,"11/05/18 00:00:00",200,1,,
750,586,"11/08/18 00:00:00",750,1,,
751,587,"11/07/18 00:00:00",25000,0,,
752,588,"11/23/18 00:00:00",3000,1,,
753,588,"12/16/18 00:00:00",0,0,,
754,588,"01/16/19 00:00:00",0,0,,
755,588,"02/16/19 00:00:00",0,0,,
756,588,"03/16/19 00:00:00",0,0,,
757,589,"11/12/18 00:00:00",300,1,,
758,590,"11/12/18 00:00:00",25000,1,,
759,590,"11/13/18 00:00:00",25000,1,,
760,591,"11/30/18 00:00:00",24000,1,,
761,592,"02/04/19 00:00:00",6000,0,,
762,593,"11/19/18 00:00:00",300,1,,
763,595,"01/07/19 00:00:00",1600,0,,
764,596,"11/19/18 00:00:00",25000,1,,
765,596,"11/20/18 00:00:00",25000,1,,
766,597,"11/20/18 00:00:00",3370,1,,
767,598,"01/21/19 00:00:00",1000,0,,
768,598,"02/12/19 00:00:00",1000,0,,
769,599,"12/27/18 00:00:00",1800,1,,
770,599,"01/31/19 00:00:00",1800,0,,
771,599,"03/04/19 00:00:00",1800,0,,
772,599,"04/15/19 00:00:00",1800,0,,
773,599,"05/27/19 00:00:00",1800,0,,
774,599,"07/29/19 00:00:00",1800,0,,
775,599,,,0,,
776,599,,,0,,
777,600,"11/26/18 00:00:00",700,1,,
778,601,"11/30/18 00:00:00",750,1,,
779,602,"11/26/18 00:00:00",25000,1,,
780,602,"11/29/18 00:00:00",25000,1,,
781,603,"01/10/19 00:00:00",24000,0,,
782,604,"12/03/18 00:00:00",200,1,,
783,605,"12/03/18 00:00:00",25000,1,,
784,605,"12/04/18 00:00:00",25000,1,,
785,606,"12/13/18 00:00:00",4000,0,,
786,606,"12/27/18 00:00:00",4000,0,,
787,607,"12/10/18 00:00:00",100,1,,
788,608,"12/10/18 00:00:00",25000,1,,
789,608,"12/11/18 00:00:00",25000,1,,
790,610,"12/14/18 00:00:00",750,1,,
791,611,"04/15/19 00:00:00",1000,0,,
792,611,"07/02/19 00:00:00",1000,0,,
793,611,"09/03/19 00:00:00",2000,0,,
794,611,"09/23/19 00:00:00",1000,0,,
795,611,"11/11/19 00:00:00",1000,0,,
796,611,"12/20/19 00:00:00",1000,0,,
797,611,,,0,,
798,611,,,0,,
799,612,"01/08/19 00:00:00",2000,0,,
800,613,"01/09/19 00:00:00",750,0,,
801,614,"03/27/19 00:00:00",24000,0,,
802,614,"04/04/19 00:00:00",24000,0,,
803,617,"12/17/18 00:00:00",100,1,,
804,618,"12/17/18 00:00:00",25000,1,,
805,618,"12/19/18 00:00:00",25000,1,,
806,619,"01/01/19 00:00:00",25000,0,,
807,619,"01/08/19 00:00:00",25000,0,,
808,619,"01/17/19 00:00:00",25000,0,,
809,619,"01/22/19 00:00:00",25000,0,,
810,619,"01/28/19 00:00:00",25000,0,,
811,619,"02/04/19 00:00:00",25000,0,,
812,619,"02/11/19 00:00:00",25000,0,,
813,619,"02/18/19 00:00:00",25000,0,,
814,619,"02/25/19 00:00:00",25000,0,,
815,619,"03/05/19 00:00:00",25000,0,,
816,619,"03/11/19 00:00:00",25000,0,,
817,619,"03/19/19 00:00:00",25000,0,,
818,619,"03/26/19 00:00:00",25000,0,,
819,620,"01/07/19 00:00:00",1500,0,,
820,621,"12/23/18 00:00:00",25000,1,,
821,621,"12/27/18 00:00:00",25000,1,,
822,622,"01/22/19 00:00:00",5000,0,,
823,624,"01/02/19 00:00:00",25000,0,,
824,624,"01/03/19 00:00:00",25000,0,,
825,624,"01/05/19 00:00:00",25000,0,,
826,626,"01/16/19 00:00:00",760,0,,
827,626,"02/18/19 00:00:00",830,0,,
828,626,"03/18/19 00:00:00",850,0,,
829,627,"01/16/19 00:00:00",560,0,,
830,627,"02/18/19 00:00:00",520,0,,
831,627,"03/18/19 00:00:00",550,0,,
832,628,"01/16/19 00:00:00",0,0,,
833,628,"02/18/19 00:00:00",50,0,,
834,628,"03/18/19 00:00:00",220,0,,
835,629,"01/16/19 00:00:00",0,0,,
836,629,"02/18/19 00:00:00",50,0,,
837,629,"03/18/19 00:00:00",130,0,,
838,631,"01/07/19 00:00:00",25000,0,,
839,631,"01/08/19 00:00:00",25000,0,,
840,631,"01/10/19 00:00:00",25000,0,,
841,632,"01/14/19 00:00:00",25000,0,,
842,632,"01/15/19 00:00:00",25000,0,,
843,632,"01/17/19 00:00:00",25000,0,,
844,633,"01/21/19 00:00:00",25000,0,,
845,633,"01/22/19 00:00:00",25000,0,,
846,633,"01/24/19 00:00:00",25000,0,,
847,634,"01/28/19 00:00:00",25000,0,,
848,634,"01/29/19 00:00:00",25000,0,,
849,634,"01/31/19 00:00:00",25000,0,,
850,635,"02/08/19 00:00:00",4000,0,,
851,636,"02/25/19 00:00:00",750,0,,
852,637,"04/30/19 00:00:00",1000,0,,
853,638,"02/25/19 00:00:00",1000,0,,
854,639,"02/04/19 00:00:00",25000,0,,
855,639,"02/05/19 00:00:00",25000,0,,
856,639,"02/07/19 00:00:00",25000,0,,
857,640,"02/27/19 00:00:00",3000,0,,
858,641,"02/22/19 00:00:00",750,0,,
859,642,"02/22/19 00:00:00",2000,0,,
860,643,"02/11/19 00:00:00",25000,0,,
861,643,"02/12/19 00:00:00",25000,0,,
862,643,"02/14/19 00:00:00",25000,0,,
863,644,"02/18/19 00:00:00",25000,0,,
864,644,"02/19/19 00:00:00",25000,0,,
865,644,"02/21/19 00:00:00",25000,0,,
866,645,"02/21/19 00:00:00",3500,0,,
867,646,"03/05/19 00:00:00",750,0,,
868,647,"02/27/19 00:00:00",3000,0,,
869,648,"03/01/19 00:00:00",4000,0,,
870,648,"04/01/19 00:00:00",4000,0,,
871,649,"02/25/19 00:00:00",25000,0,,
872,649,"02/26/19 00:00:00",25000,0,,
873,649,"02/28/19 00:00:00",25000,0,,
874,650,"03/22/19 00:00:00",750,0,,
875,651,"03/22/19 00:00:00",1000,0,,
876,653,"03/04/19 00:00:00",25000,0,,
877,653,"03/05/19 00:00:00",25000,0,,
878,653,"03/07/19 00:00:00",25000,0,,
879,654,"03/07/19 00:00:00",550,0,,
880,655,"04/17/19 00:00:00",1050,0,,
881,655,"05/16/19 00:00:00",550,0,,
882,655,"06/10/19 00:00:00",250,0,,
883,656,"04/17/19 00:00:00",700,0,,
884,656,"05/16/19 00:00:00",370,0,,
885,656,"06/10/19 00:00:00",250,0,,
886,657,"04/17/19 00:00:00",90,0,,
887,657,"05/16/19 00:00:00",70,0,,
888,657,"06/10/19 00:00:00",250,0,,
889,658,"04/17/19 00:00:00",70,0,,
890,658,"05/16/19 00:00:00",50,0,,
891,658,"06/10/19 00:00:00",250,0,,
892,659,"03/20/19 00:00:00",3000,0,,
893,661,"03/13/19 00:00:00",22000,0,,
894,662,"03/12/19 00:00:00",200,0,,
895,663,"03/11/19 00:00:00",25000,0,,
896,663,"03/12/19 00:00:00",25000,0,,
897,663,"03/14/19 00:00:00",25000,0,,
898,664,"03/25/19 00:00:00",1000,0,,
899,665,"03/25/19 00:00:00",1000,0,,
900,666,"03/18/19 00:00:00",25000,0,,
901,666,"03/19/19 00:00:00",25000,0,,
902,666,"03/21/19 00:00:00",25000,0,,
903,667,"03/27/19 00:00:00",3250,0,,
904,668,"04/02/19 00:00:00",1500,0,,
905,669,"04/11/19 00:00:00",750,0,,
906,670,"03/25/19 00:00:00",25000,0,,
907,670,"03/26/19 00:00:00",25000,0,,
908,670,"03/28/19 00:00:00",25000,0,,
909,671,"09/16/19 00:00:00",8000,0,,
910,671,"10/11/19 00:00:00",8000,0,,
911,672,"04/01/19 00:00:00",25000,0,,
912,672,"04/08/19 00:00:00",25000,0,,
913,672,"04/15/19 00:00:00",25000,0,,
914,672,"04/22/19 00:00:00",25000,0,,
915,672,"04/29/19 00:00:00",25000,0,,
916,672,"05/06/19 00:00:00",25000,0,,
917,672,"05/13/19 00:00:00",25000,0,,
918,672,"05/20/19 00:00:00",25000,0,,
919,672,"05/27/19 00:00:00",25000,0,,
920,672,"06/03/19 00:00:00",25000,0,,
921,672,"06/10/19 00:00:00",25000,0,,
922,672,"06/17/19 00:00:00",25000,0,,
923,672,"06/24/19 00:00:00",25000,0,,
924,673,"04/01/19 00:00:00",25000,0,,
925,673,"04/02/19 00:00:00",25000,0,,
926,673,"04/04/19 00:00:00",25000,0,,
927,674,"04/25/19 00:00:00",800,0,,
928,675,"05/30/19 00:00:00",0,0,,
929,676,"04/11/19 00:00:00",1500,0,,
930,679,"05/03/19 00:00:00",24000,0,,
931,680,"04/19/19 00:00:00",24000,0,,
932,680,"06/07/19 00:00:00",24000,0,,
933,680,"07/19/19 00:00:00",24000,0,,
934,681,"06/04/19 00:00:00",4000,0,,
935,682,"04/08/19 00:00:00",25000,0,,
936,682,"04/09/19 00:00:00",25000,0,,
937,682,"04/11/19 00:00:00",25000,0,,
938,683,"04/18/19 00:00:00",3000,0,,
939,684,"05/07/19 00:00:00",22000,0,,
940,685,"04/15/19 00:00:00",25000,0,,
941,685,"04/16/19 00:00:00",25000,0,,
942,685,"04/19/19 00:00:00",25000,0,,
943,686,"04/23/19 00:00:00",4000,0,,
944,687,"04/23/19 00:00:00",25000,0,,
945,687,"04/24/19 00:00:00",25000,0,,
946,687,"04/25/19 00:00:00",25000,0,,
947,688,"04/29/19 00:00:00",25000,0,,
948,688,"04/30/19 00:00:00",25000,0,,
949,688,"05/02/19 00:00:00",25000,0,,
950,689,"05/06/19 00:00:00",25000,0,,
951,689,"05/07/19 00:00:00",50000,0,,
952,689,"05/08/19 00:00:00",25000,0,,
953,689,"05/09/19 00:00:00",25000,0,,
954,690,"05/08/19 00:00:00",3000,0,,
955,691,"08/08/19 00:00:00",1500,0,,
956,691,"09/12/19 00:00:00",1500,0,,
957,691,"10/10/19 00:00:00",1500,0,,
958,692,"06/17/19 00:00:00",100,0,,
959,693,"06/17/19 00:00:00",100,0,,
960,694,"05/22/19 00:00:00",4500,0,,
961,695,"05/13/19 00:00:00",25000,0,,
962,695,"05/14/19 00:00:00",50000,0,,
963,695,"05/15/19 00:00:00",25000,0,,
964,695,"05/16/19 00:00:00",25000,0,,
965,696,"05/20/19 00:00:00",25000,0,,
966,697,"05/21/19 00:00:00",5000,0,,
967,698,"05/20/19 00:00:00",25000,0,,
968,698,"05/21/19 00:00:00",50000,0,,
969,698,"05/22/19 00:00:00",25000,0,,
970,698,"05/23/19 00:00:00",25000,0,,
971,699,"05/21/19 00:00:00",160,0,,
972,700,"05/27/19 00:00:00",10000,0,,
973,701,"05/23/19 00:00:00",100,0,,
974,702,"05/28/19 00:00:00",25000,0,,
975,703,"05/27/19 00:00:00",25000,0,,
976,703,"05/28/19 00:00:00",50000,0,,
977,703,"05/29/19 00:00:00",25000,0,,
978,703,"05/30/19 00:00:00",25000,0,,
979,704,"06/06/19 00:00:00",3000,0,,
980,704,"06/20/19 00:00:00",5400,0,,
981,705,"06/04/19 00:00:00",25000,0,,
982,706,"08/07/19 00:00:00",10000,0,,
983,707,"06/03/19 00:00:00",175,0,,
984,708,"06/03/19 00:00:00",25000,0,,
985,708,"06/04/19 00:00:00",50000,0,,
986,708,"06/05/19 00:00:00",25000,0,,
987,708,"06/06/19 00:00:00",25000,0,,
988,709,"06/13/19 00:00:00",1000,0,,
989,710,"06/10/19 00:00:00",200,0,,
990,711,"06/11/19 00:00:00",25000,0,,
991,712,"06/10/19 00:00:00",25000,0,,
992,712,"06/11/19 00:00:00",50000,0,,
993,712,"06/12/19 00:00:00",25000,0,,
994,712,"06/13/19 00:00:00",25000,0,,
995,713,"06/17/19 00:00:00",2250,0,,
996,714,"06/18/19 00:00:00",25000,0,,
997,715,"06/17/19 00:00:00",25000,0,,
998,715,"06/18/19 00:00:00",50000,0,,
999,715,"06/19/19 00:00:00",25000,0,,
1000,715,"06/20/19 00:00:00",25000,0,,
1001,716,"06/25/19 00:00:00",25000,0,,
1002,717,"06/24/19 00:00:00",25000,0,,
1003,717,"06/25/19 00:00:00",50000,0,,
1004,717,"06/26/19 00:00:00",25000,0,,
1005,717,"06/27/19 00:00:00",25000,0,,
1006,718,"07/04/19 00:00:00",2500,0,,
1007,718,"07/11/19 00:00:00",2500,0,,
1008,718,"07/18/19 00:00:00",2500,0,,
1009,719,"07/03/19 00:00:00",2250,0,,
1010,720,"07/02/19 00:00:00",25000,0,,
1011,721,"07/01/19 00:00:00",50000,0,,
1012,721,"07/02/19 00:00:00",25000,0,,
1013,721,"07/03/19 00:00:00",25000,0,,
1014,721,"07/04/19 00:00:00",25000,0,,
1015,722,"07/08/19 00:00:00",750,0,,
1016,723,"07/08/19 00:00:00",25000,0,,
1017,724,"07/01/19 00:00:00",25000,0,,
1018,724,"07/08/19 00:00:00",25000,0,,
1019,724,"07/15/19 00:00:00",25000,0,,
1020,724,"07/22/19 00:00:00",25000,0,,
1021,724,"07/29/19 00:00:00",25000,0,,
1022,724,"08/05/19 00:00:00",25000,0,,
1023,724,"08/12/19 00:00:00",25000,0,,
1024,724,"08/19/19 00:00:00",25000,0,,
1025,724,"08/26/19 00:00:00",25000,0,,
1026,724,"09/03/19 00:00:00",25000,0,,
1027,724,"09/09/19 00:00:00",25000,0,,
1028,724,"09/16/19 00:00:00",25000,0,,
1029,724,"09/23/19 00:00:00",25000,0,,
1030,724,"09/30/19 00:00:00",25000,0,,
1031,725,"07/08/19 00:00:00",750,0,,
1032,726,"07/08/19 00:00:00",50000,0,,
1033,726,"07/09/19 00:00:00",25000,0,,
1034,726,"07/10/19 00:00:00",25000,0,,
1035,726,"07/11/19 00:00:00",25000,0,,
1036,727,"07/09/19 00:00:00",25000,0,,
1037,728,"07/16/19 00:00:00",25000,0,,
1038,729,"07/15/19 00:00:00",50000,0,,
1039,729,"07/16/19 00:00:00",25000,0,,
1040,729,"07/17/19 00:00:00",25000,0,,
1041,729,"07/18/19 00:00:00",25000,0,,
1042,730,"07/15/19 00:00:00",1400,0,,
1043,731,"07/22/19 00:00:00",1000,0,,
1044,732,"07/23/19 00:00:00",25000,0,,
1045,733,"07/22/19 00:00:00",50000,0,,
1046,733,"07/23/19 00:00:00",25000,0,,
1047,733,"07/24/19 00:00:00",25000,0,,
1048,733,"07/25/19 00:00:00",25000,0,,
1049,734,"07/30/19 00:00:00",25000,0,,
1050,735,"07/29/19 00:00:00",50000,0,,
1051,735,"07/30/19 00:00:00",25000,0,,
1052,735,"07/31/19 00:00:00",25000,0,,
1053,735,"08/01/19 00:00:00",25000,0,,
1054,736,"08/20/19 00:00:00",1000,0,,
1055,737,"08/22/19 00:00:00",5000,0,,
1056,738,"08/08/19 00:00:00",25000,0,,
1057,739,"08/05/19 00:00:00",50000,0,,
1058,739,"08/06/19 00:00:00",25000,0,,
1059,739,"08/07/19 00:00:00",25000,0,,
1060,739,"08/08/19 00:00:00",25000,0,,
1061,740,"08/22/19 00:00:00",4300,0,,
1062,742,"08/17/19 00:00:00",25000,0,,
1063,744,"08/12/19 00:00:00",50000,0,,
1064,744,"08/13/19 00:00:00",50000,0,,
1065,744,"08/15/19 00:00:00",25000,0,,
1066,747,"08/19/19 00:00:00",50000,0,,
1067,747,"08/20/19 00:00:00",25000,0,,
1068,747,"08/21/19 00:00:00",25000,0,,
1069,747,"08/22/19 00:00:00",25000,0,,
1070,748,"08/20/19 00:00:00",25000,0,,
1071,749,"08/20/19 00:00:00",3000,0,,
1072,750,"08/26/19 00:00:00",50000,0,,
1073,750,"08/27/19 00:00:00",25000,0,,
1074,750,"08/28/19 00:00:00",25000,0,,
1075,750,"08/29/19 00:00:00",25000,0,,
1076,751,"08/27/19 00:00:00",25000,0,,
1077,752,"09/05/19 00:00:00",720,0,,
1078,753,"08/27/19 00:00:00",3000,0,,
1079,754,"09/02/19 00:00:00",50000,0,,
1080,754,,,0,,
1081,754,"09/03/19 00:00:00",25000,0,,
1082,754,"09/04/19 00:00:00",25000,0,,
1083,754,"09/05/19 00:00:00",25000,0,,
1084,755,"09/10/19 00:00:00",3000,0,,
1085,755,"09/17/19 00:00:00",3000,0,,
1086,756,"09/07/19 00:00:00",25000,0,,
1087,757,"09/16/19 00:00:00",1000,0,,
1088,758,"09/09/19 00:00:00",50000,0,,
1089,758,"09/10/19 00:00:00",25000,0,,
1090,758,"09/11/19 00:00:00",25000,0,,
1091,758,"09/12/19 00:00:00",25000,0,,
1092,759,"09/20/19 00:00:00",2500,0,,
1093,760,"09/14/19 00:00:00",25000,0,,
1094,761,"09/17/19 00:00:00",25000,0,,
1095,761,"09/21/19 00:00:00",25000,0,,
1096,762,"09/09/19 00:00:00",150,0,,
1097,763,"09/16/19 00:00:00",750,0,,
1098,764,"09/10/19 00:00:00",30000,0,,
1099,765,"09/16/19 00:00:00",180,0,,
1100,766,"09/16/19 00:00:00",50000,0,,
1101,766,"09/17/19 00:00:00",25000,0,,
1102,766,"09/18/19 00:00:00",25000,0,,
1103,766,"09/19/19 00:00:00",25000,0,,
1104,768,"09/30/19 00:00:00",1500,0,,
1105,769,"09/24/19 00:00:00",3000,0,,
1106,599,"09/23/19 00:00:00",1800,0,,
1107,770,"09/26/19 00:00:00",25000,0,,
1108,771,"09/28/19 00:00:00",25000,0,,
1109,771,"10/05/19 00:00:00",25000,0,,
1110,772,"09/23/19 00:00:00",50000,0,,
1111,772,"09/24/19 00:00:00",25000,0,,
1112,772,"09/25/19 00:00:00",25000,0,,
1113,772,"09/26/19 00:00:00",25000,0,,
1114,773,"10/01/19 00:00:00",3000,0,,
1115,773,"10/08/19 00:00:00",3000,0,,
1116,773,"10/15/19 00:00:00",3000,0,,
1117,774,"10/03/19 00:00:00",15000,0,,
1118,775,,,0,,
1119,775,,,0,,
1120,775,"10/03/19 00:00:00",25000,0,,
1121,776,"10/07/19 00:00:00",25000,0,,
1122,776,"10/14/19 00:00:00",25000,0,,
1123,776,"10/21/19 00:00:00",25000,0,,
1124,776,"10/28/19 00:00:00",25000,0,,
1125,776,"11/04/19 00:00:00",25000,0,,
1126,776,"11/11/19 00:00:00",25000,0,,
1127,776,"11/18/19 00:00:00",25000,0,,
1128,776,"11/25/19 00:00:00",25000,0,,
1129,776,"12/02/19 00:00:00",25000,0,,
1130,776,"12/09/19 00:00:00",25000,0,,
1131,776,"12/16/19 00:00:00",25000,0,,
1132,776,"12/23/19 00:00:00",25000,0,,
1133,776,"12/30/19 00:00:00",25000,0,,
1134,777,"10/12/19 00:00:00",25000,0,,
1135,778,"10/08/19 00:00:00",2000,0,,
1136,775,"10/04/19 00:00:00",25000,0,,
1137,775,"10/05/19 00:00:00",25000,0,,
1138,775,"09/30/19 00:00:00",25000,0,,
1139,779,"10/07/19 00:00:00",50000,0,,
1140,779,"10/08/19 00:00:00",25000,0,,
1141,779,"10/09/19 00:00:00",25000,0,,
1142,779,"10/10/19 00:00:00",25000,0,,
1143,780,"10/07/19 00:00:00",150,0,,
1144,781,"10/09/19 00:00:00",3000,0,,
1145,782,"10/09/19 00:00:00",25000,0,,
1146,783,"10/14/19 00:00:00",1400,0,,
1147,784,"10/14/19 00:00:00",50000,0,,
1148,784,"10/15/19 00:00:00",25000,0,,
1149,784,"10/16/19 00:00:00",25000,0,,
1150,784,"10/17/19 00:00:00",25000,0,,
1151,786,"10/24/19 00:00:00",3000,0,,
1152,787,"10/20/19 00:00:00",10000,0,,
1153,788,"10/17/19 00:00:00",3500,0,,
1154,789,"10/24/19 00:00:00",25000,0,,
1155,789,"10/27/19 00:00:00",25000,0,,
1156,790,"10/28/19 00:00:00",1000,0,,
1157,791,"10/21/19 00:00:00",50000,0,,
1158,791,"10/22/19 00:00:00",25000,0,,
1159,791,"10/23/19 00:00:00",25000,0,,
1160,791,"10/24/19 00:00:00",25000,0,,
1161,792,"10/25/19 00:00:00",4000,0,,
1162,599,"10/29/19 00:00:00",1800,0,,
1163,793,"11/02/19 00:00:00",25000,0,,
1164,794,"10/30/19 00:00:00",6000,0,,
1165,795,"10/29/19 00:00:00",3000,0,,
1166,795,"11/05/19 00:00:00",3000,0,,
1167,795,"11/12/19 00:00:00",3000,0,,
1168,796,"11/04/19 00:00:00",4000,0,,
1169,797,"10/28/19 00:00:00",50000,0,,
1170,797,"10/29/19 00:00:00",50000,0,,
1171,797,"11/01/19 00:00:00",25000,0,,
1172,798,"11/05/19 00:00:00",750,0,,
1173,800,"11/06/19 00:00:00",15000,0,,
1174,801,"11/04/19 00:00:00",50000,0,,
1175,801,"11/05/19 00:00:00",25000,0,,
1176,801,"11/06/19 00:00:00",25000,0,,
1177,801,"11/07/19 00:00:00",25000,0,,
1178,802,"11/12/19 00:00:00",750,0,,
1179,803,"11/15/19 00:00:00",2500,0,,
1180,804,"11/19/19 00:00:00",1800,0,,
1181,805,"11/13/19 00:00:00",18000,0,,
1182,806,"11/11/19 00:00:00",50000,0,,
1183,806,"11/12/19 00:00:00",25000,0,,
1184,806,"11/13/19 00:00:00",25000,0,,
1185,806,"11/14/19 00:00:00",25000,0,,
1186,807,"12/02/19 00:00:00",1000,0,,
1187,808,"11/22/19 00:00:00",2700,0,,
1189,809,"11/20/19 00:00:00",15000,0,,
1193,811,"11/22/19 00:00:00",18000,0,,
1194,812,"11/18/19 00:00:00",50000,0,,
1195,812,"11/19/19 00:00:00",25000,0,,
1196,812,"11/20/19 00:00:00",25000,0,,
1197,812,"11/21/19 00:00:00",25000,0,,
1198,813,"11/25/19 00:00:00",120,0,,
1199,814,"11/27/19 00:00:00",18000,0,,
1208,816,"11/25/19 00:00:00",50000,0,,
1209,816,"11/26/19 00:00:00",25000,0,,
1210,816,"11/27/19 00:00:00",25000,0,,
1211,816,"11/28/19 00:00:00",25000,0,,
1212,817,"12/04/19 00:00:00",18000,0,,
1213,819,"12/02/19 00:00:00",50000,0,,
1214,819,"12/03/19 00:00:00",25000,0,,
1215,819,"12/04/19 00:00:00",25000,0,,
1216,819,"12/05/19 00:00:00",25000,0,,
1217,820,"12/12/19 00:00:00",31575,0,,
1218,821,"12/09/19 00:00:00",1500,0,,
1219,822,"12/14/19 00:00:00",25000,0,,
1221,824,"12/09/19 00:00:00",50000,0,,
1222,824,"12/10/19 00:00:00",25000,0,,
1223,824,"12/11/19 00:00:00",25000,0,,
1224,824,"12/12/19 00:00:00",25000,0,,
1226,826,"12/16/19 00:00:00",100,0,,
1228,829,"12/16/19 00:00:00",50000,0,,
1229,829,"12/17/19 00:00:00",25000,0,,
1230,829,"12/18/19 00:00:00",25000,0,,
1231,829,"12/19/19 00:00:00",25000,0,,
1232,830,"12/16/19 00:00:00",25000,0,,
1234,832,"12/23/19 00:00:00",50000,0,,
1235,832,"12/25/19 00:00:00",25000,0,,
1236,832,"12/26/19 00:00:00",50000,0,,
1237,833,"12/29/19 00:00:00",25000,0,,
1291,855,,,0,,
1301,862,,,0,,
1316,867,,,0,,
1372,899,,,0,,
1385,908,"04/21/20 00:00:00",800,0,"05/21/20 00:00:00","05/21/20 00:00:00"
1386,908,"05/05/20 00:00:00",800,0,"06/05/20 00:00:00","06/05/20 00:00:00"
1387,908,"05/19/20 00:00:00",800,0,"06/19/20 00:00:00","06/19/20 00:00:00"
1342,888,"04/06/20 00:00:00",1000,0,"05/06/20 00:00:00","05/06/20 00:00:00"
1339,885,"04/01/20 00:00:00",2000,0,"05/01/20 00:00:00","05/01/20 00:00:00"
1338,884,"04/06/20 00:00:00",21450,0,"05/06/20 00:00:00","05/06/20 00:00:00"
1332,881,"03/12/20 00:00:00",75,0,"04/12/20 00:00:00","04/12/20 00:00:00"
1330,879,"03/12/20 00:00:00",1500,0,"04/12/20 00:00:00","04/12/20 00:00:00"
1325,877,,1000,0,,
1322,874,"03/18/20 00:00:00",5000,0,"04/18/20 00:00:00","04/18/20 00:00:00"
1315,866,"03/03/20 00:00:00",1000,0,"04/03/20 00:00:00","04/03/20 00:00:00"
1281,848,"02/04/20 00:00:00",1000,0,"03/04/20 00:00:00","03/04/20 00:00:00"
1384,907,"04/20/20 00:00:00",21675,0,"05/20/20 00:00:00","05/20/20 00:00:00"
1233,831,"01/14/20 00:00:00",750,0,"02/14/20 00:00:00","02/14/20 00:00:00"
1227,828,"01/30/20 00:00:00",2700,0,"02/29/20 00:00:00","02/29/20 00:00:00"
1293,858,"03/20/20 00:00:00",6000,0,"04/20/20 00:00:00","04/20/20 00:00:00"
1273,845,"08/06/20 00:00:00",8000,0,"09/06/20 00:00:00","09/06/20 00:00:00"
1274,845,"09/22/20 00:00:00",8000,0,"10/22/20 00:00:00","10/30/20 00:00:00"
1275,845,"10/16/20 00:00:00",8000,0,"11/16/20 00:00:00","11/30/20 00:00:00"
1268,842,"01/27/20 00:00:00",150,0,"02/29/20 00:00:00","02/29/20 00:00:00"
1284,850,"02/25/20 00:00:00",3000,0,"03/25/20 00:00:00","03/25/20 00:00:00"
1225,825,"01/20/20 00:00:00",2500,0,"02/20/20 00:00:00","02/20/20 00:00:00"
1305,863,"03/03/20 00:00:00",2000,0,"04/03/20 00:00:00","04/03/20 00:00:00"
1220,823,"01/20/20 00:00:00",4000,0,"02/20/20 00:00:00","02/20/20 00:00:00"
1289,852,"02/12/20 00:00:00",1000,0,"03/12/20 00:00:00","03/12/20 00:00:00"
1314,865,"02/26/20 00:00:00",2500,0,"03/26/20 00:00:00","03/31/20 00:00:00"
1190,810,"01/09/20 00:00:00",11000,0,"02/09/20 00:00:00","02/29/20 00:00:00"
1191,810,"02/03/20 00:00:00",24000,0,"03/03/20 00:00:00","03/31/20 00:00:00"
1192,810,"02/20/20 00:00:00",24000,0,"03/20/20 00:00:00","03/31/20 00:00:00"
1254,810,"01/23/20 00:00:00",13000,0,"02/23/20 00:00:00","02/29/20 00:00:00"
1200,815,"03/06/20 00:00:00",24000,0,"04/06/20 00:00:00","04/30/20 00:00:00"
1201,815,"05/07/20 00:00:00",24000,0,"06/07/20 00:00:00","06/30/20 00:00:00"
1202,815,"05/20/20 00:00:00",24000,0,"06/20/20 00:00:00","06/30/20 00:00:00"
1203,815,"06/08/20 00:00:00",24000,0,"07/08/20 00:00:00","07/31/20 00:00:00"
1204,815,"06/18/20 00:00:00",24000,0,"07/18/20 00:00:00","07/31/20 00:00:00"
1205,815,"07/08/20 00:00:00",24000,0,"08/08/20 00:00:00","08/31/20 00:00:00"
1206,815,"07/24/20 00:00:00",24000,0,"08/24/20 00:00:00","08/31/20 00:00:00"
1207,815,"08/06/20 00:00:00",24000,0,"09/06/20 00:00:00","09/30/20 00:00:00"
1317,868,"03/19/20 00:00:00",1500,0,"04/19/20 00:00:00","04/01/20 00:00:00"
1318,869,"03/03/20 00:00:00",1000,0,"04/03/20 00:00:00","03/16/20 00:00:00"
1371,899,"04/24/20 00:00:00",22000,0,"04/22/20 00:00:00","05/24/20 00:00:00"
1373,899,"04/30/20 00:00:00",22000,0,"04/28/20 00:00:00","05/30/20 00:00:00"
1,4,"11/20/14 00:00:00",225,0,,
