ID_fat_studio_det,id_fatt_studio,articolo,qta,prezzo,data_consegna
117,119,38,25080,0.2700,"05/08/16 00:00:00"
118,120,14,1184,10.8500,"05/11/16 00:00:00"
119,121,37,23040,0.4000,"05/15/16 00:00:00"
120,122,38,25956,0.2000,"05/10/16 00:00:00"
121,123,37,25534,0.5100,"05/16/16 00:00:00"
122,124,38,24990,0.2700,"05/15/16 00:00:00"
123,125,38,24110,0.2700,"05/22/16 00:00:00"
124,126,33,1000,5.5700,"05/25/16 00:00:00"
125,127,45,1000,4.2500,"05/27/16 00:00:00"
126,128,38,25523,0.2000,"05/24/16 00:00:00"
127,129,38,24710,0.2700,"05/29/16 00:00:00"
128,130,14,1949,10.8500,"05/30/16 00:00:00"
129,131,45,1000,4.3000,"06/03/16 00:00:00"
130,132,150,2087,13.5000,"06/08/16 00:00:00"
131,133,38,25250,0.2850,"06/05/16 00:00:00"
132,134,37,25430,0.5100,"06/05/16 00:00:00"
133,135,8,25690,0.4050,"06/08/16 00:00:00"
134,136,37,2800,0.6100,"06/09/16 00:00:00"
135,137,45,1000,4.2800,"06/13/16 00:00:00"
136,138,38,24110,0.2850,"06/12/16 00:00:00"
137,139,8,24980,0.3500,"06/13/16 00:00:00"
138,140,8,25480,0.3500,"06/14/16 00:00:00"
139,141,150,1125,13.7000,"06/23/16 00:00:00"
140,142,38,29860,0.3050,"06/20/16 00:00:00"
141,143,38,30240,0.3050,"06/21/16 00:00:00"
142,144,38,24380,0.2850,"06/19/16 00:00:00"
143,145,38,29920,0.3050,"06/22/16 00:00:00"
144,146,45,1000,4.3500,"06/22/16 00:00:00"
145,147,45,800,4.3700,"06/27/16 00:00:00"
146,148,38,24960,0.2850,"06/26/16 00:00:00"
147,149,8,24730,0.4200,"06/27/16 00:00:00"
148,150,14,906,9.6000,"07/04/16 00:00:00"
149,151,14,1883,10.5000,"07/05/16 00:00:00"
150,152,8,24860,0.4400,"07/05/16 00:00:00"
151,153,45,1000,4.3700,"07/12/16 00:00:00"
152,154,8,26050,0.4400,"07/09/16 00:00:00"
153,155,8,25320,0.4400,"07/12/16 00:00:00"
154,156,45,1000,4.3700,"07/15/16 00:00:00"
155,157,14,1569,9.3000,"07/18/16 00:00:00"
156,158,105,425,9.7000,"07/18/16 00:00:00"
157,159,37,25120,0.4900,"07/18/16 00:00:00"
158,160,8,25715,0.4400,"07/16/16 00:00:00"
159,161,8,25675,0.4400,"07/19/16 00:00:00"
160,162,8,25725,0.4400,"07/23/16 00:00:00"
161,2,,,,
162,163,8,26344,0.4400,"07/26/16 00:00:00"
163,164,8,25775,0.4400,"07/30/16 00:00:00"
164,165,37,24160,0.4600,"08/01/16 00:00:00"
165,166,8,24820,0.4650,"08/03/16 00:00:00"
166,167,37,24360,0.5050,"08/08/16 00:00:00"
167,168,14,1863,9.3000,"08/16/16 00:00:00"
168,169,8,24050,0.4650,"08/17/16 00:00:00"
169,170,37,23720,0.4600,"08/22/16 00:00:00"
170,171,45,1000,4.3700,"08/29/16 00:00:00"
171,172,150,2984,13.6000,"08/29/16 00:00:00"
172,173,37,22760,0.4600,"08/29/16 00:00:00"
173,174,37,22460,0.4600,"09/05/16 00:00:00"
174,175,14,857,10.5000,"09/09/16 00:00:00"
175,176,139,784,10.4000,"09/15/16 00:00:00"
176,177,8,26350,0.5000,"09/12/16 00:00:00"
177,178,37,23210,0.4600,"09/12/16 00:00:00"
178,179,45,1000,4.3700,"09/19/16 00:00:00"
179,180,37,24090,0.4600,"09/19/16 00:00:00"
180,181,8,22660,0.5000,"09/19/16 00:00:00"
181,182,45,2400,4.0000,"09/22/16 00:00:00"
182,183,37,23210,0.4600,"09/26/16 00:00:00"
183,184,33,1000,5.4000,"09/27/16 00:00:00"
184,185,8,24750,0.5000,"09/26/16 00:00:00"
185,186,37,22710,0.5100,"10/03/16 00:00:00"
186,187,150,100,13.0000,"10/07/16 00:00:00"
188,189,,1125,1.2700,"10/11/16 00:00:00"
189,190,58,3950,7.0500,"10/12/16 00:00:00"
190,191,37,23510,0.5100,"10/10/16 00:00:00"
191,192,45,1000,4.4500,"10/13/16 00:00:00"
192,193,70,1000,7.3000,"10/19/16 00:00:00"
193,194,37,16100,0.5700,"10/12/16 00:00:00"
194,195,37,22890,0.5100,"10/17/16 00:00:00"
195,196,45,2400,4.0000,"10/18/16 00:00:00"
196,197,37,21120,0.5900,"10/18/16 00:00:00"
197,198,37,25100,0.6550,"10/19/16 00:00:00"
198,199,37,25270,0.5100,"10/24/16 00:00:00"
199,200,37,21600,0.6100,"10/26/16 00:00:00"
200,201,46,700,4.4000,"10/31/16 00:00:00"
201,202,33,1000,5.8000,"11/02/16 00:00:00"
202,203,150,977,13.7000,"11/07/16 00:00:00"
203,204,37,23750,0.5400,"11/07/16 00:00:00"
204,205,33,1000,5.6600,"11/07/16 00:00:00"
205,206,37,23170,0.5400,"11/14/16 00:00:00"
206,207,37,22490,0.5400,"11/21/16 00:00:00"
207,208,150,1516,13.6000,"11/22/16 00:00:00"
208,209,37,23330,0.5400,"11/28/16 00:00:00"
209,210,33,1000,5.7600,"11/29/16 00:00:00"
210,211,37,23090,0.5500,"12/02/16 00:00:00"
211,212,170,250,1.3200,"12/01/16 00:00:00"
212,213,37,19940,0.6150,"12/06/16 00:00:00"
213,214,37,19870,0.6200,"12/07/16 00:00:00"
214,215,172,24940,0.3150,"12/09/16 00:00:00"
215,216,37,24800,0.5500,"12/12/16 00:00:00"
216,217,16,2026,5.2000,"12/05/16 00:00:00"
217,218,37,24720,0.5500,"12/19/16 00:00:00"
218,219,37,24740,0.5500,"12/26/16 00:00:00"
220,221,38,24420,0.4400,"01/07/17 00:00:00"
221,222,33,1000,5.7900,"01/17/17 00:00:00"
222,223,33,1000,5.8000,"01/18/17 00:00:00"
224,225,38,25240,0.4400,"01/14/17 00:00:00"
225,226,45,24000,4.2000,"01/26/17 00:00:00"
226,227,58,1000,7.0500,"01/24/17 00:00:00"
227,228,38,25560,0.4400,"01/21/17 00:00:00"
228,229,38,25700,0.4400,"01/28/17 00:00:00"
229,230,59,1200,6.1000,"02/02/17 00:00:00"
230,231,46,100,4.4000,"02/06/17 00:00:00"
231,232,33,1000,5.8000,"02/07/17 00:00:00"
232,233,172,25235,0.3200,"02/03/17 00:00:00"
233,234,38,25500,0.4400,"02/04/17 00:00:00"
234,235,45,23925,4.1700,"02/09/17 00:00:00"
235,236,172,24500,0.3200,"02/08/17 00:00:00"
236,237,45,2000,4.5000,"02/14/17 00:00:00"
237,238,38,25180,0.4350,"02/11/17 00:00:00"
238,239,150,1946,12.5000,"02/17/17 00:00:00"
239,240,37,25580,0.5800,"02/15/17 00:00:00"
240,241,172,24880,0.3200,"02/17/17 00:00:00"
241,242,38,25000,0.4350,"02/18/17 00:00:00"
242,243,46,125,4.4000,"02/27/17 00:00:00"
243,244,172,25200,0.3200,"02/23/17 00:00:00"
244,245,38,25620,0.4350,"02/25/17 00:00:00"
245,246,70,1000,7.5400,"03/02/17 00:00:00"
246,247,159,22500,1.2800,"03/03/17 00:00:00"
247,248,150,2292,12.7000,"03/13/17 00:00:00"
248,249,37,2320,0.5700,"03/09/17 00:00:00"
249,250,45,3000,4.8000,"03/13/17 00:00:00"
250,251,37,5075,0.5700,"03/23/17 00:00:00"
251,252,33,1000,5.8700,"03/28/17 00:00:00"
252,253,159,22500,1.2800,"03/31/17 00:00:00"
253,254,33,1000,6.0000,"04/10/17 00:00:00"
254,255,37,6260,0.5700,"04/10/17 00:00:00"
255,256,37,5960,0.5700,"04/13/17 00:00:00"
256,257,37,5200,0.5700,"04/17/17 00:00:00"
257,258,150,1474,12.7000,"04/21/17 00:00:00"
258,259,37,6340,0.5700,"04/20/17 00:00:00"
259,260,37,6400,0.5700,"04/24/17 00:00:00"
260,261,150,2056,12.7000,"04/28/17 00:00:00"
261,262,45,350,5.0500,"04/28/17 00:00:00"
262,263,37,6300,0.5700,"04/27/17 00:00:00"
263,264,37,6140,0.5700,"05/01/17 00:00:00"
264,265,8,26390,0.4500,"05/03/17 00:00:00"
265,266,37,6400,0.5700,"05/04/17 00:00:00"
266,267,150,1923,12.7000,"05/10/17 00:00:00"
267,268,37,5520,0.5700,"05/08/17 00:00:00"
268,269,45,23925,4.1700,"05/11/17 00:00:00"
269,270,8,25960,0.4500,"05/09/17 00:00:00"
270,271,37,5860,0.5700,"05/11/17 00:00:00"
271,272,33,1000,5.9800,"05/15/17 00:00:00"
272,273,37,6140,0.5700,"05/15/17 00:00:00"
273,274,8,26280,0.4500,"05/15/17 00:00:00"
274,275,150,1342,12.7000,"05/18/17 00:00:00"
275,276,8,26420,0.4500,"05/16/17 00:00:00"
276,277,37,5520,0.5700,"05/18/17 00:00:00"
277,278,37,5500,0.5700,"05/22/17 00:00:00"
278,279,179,100,490.0000,"05/24/17 00:00:00"
279,280,8,26330,0.4500,"05/23/17 00:00:00"
280,281,45,1000,4.6500,"05/26/17 00:00:00"
281,282,8,24690,0.4500,"05/24/17 00:00:00"
282,283,33,1000,6.0900,"05/29/17 00:00:00"
283,284,37,5380,0.5700,"05/25/17 00:00:00"
284,285,37,6460,0.5700,"05/29/17 00:00:00"
285,286,8,26290,0.4500,"05/30/17 00:00:00"
286,287,37,3920,0.5700,"06/01/17 00:00:00"
287,288,37,4920,0.5700,"06/05/17 00:00:00"
288,289,8,26900,0.4500,"06/06/17 00:00:00"
289,290,37,5600,0.5700,"06/08/17 00:00:00"
290,291,150,2142,12.7000,"06/12/17 00:00:00"
291,292,59,750,5.6000,"06/13/17 00:00:00"
292,293,37,5540,0.5700,"06/12/17 00:00:00"
293,294,8,25181,0.4500,"06/13/17 00:00:00"
294,295,37,5680,0.5700,"06/15/17 00:00:00"
295,296,59,750,5.6000,"06/16/17 00:00:00"
296,297,37,5240,0.5700,"06/19/17 00:00:00"
297,298,8,25650,0.4500,"06/20/17 00:00:00"
298,299,37,5300,0.5700,"06/22/17 00:00:00"
299,300,8,26010,0.4500,"06/27/17 00:00:00"
300,301,37,5900,0.5700,"06/29/17 00:00:00"
301,302,37,5680,0.5700,"07/03/17 00:00:00"
302,303,8,23720,0.4500,"07/04/17 00:00:00"
303,304,37,5600,0.5700,"07/06/17 00:00:00"
304,305,150,2142,12.7000,"07/10/17 00:00:00"
305,306,150,2003,12.7000,"07/10/17 00:00:00"
306,307,37,5700,0.5700,"07/10/17 00:00:00"
307,308,8,25650,0.4500,"07/11/17 00:00:00"
308,309,37,5760,0.5700,"07/13/17 00:00:00"
309,310,46,200,5.1000,"07/17/17 00:00:00"
310,311,37,6100,0.5700,"07/17/17 00:00:00"
311,312,8,26520,0.4500,"07/18/17 00:00:00"
312,313,37,6400,0.5700,"07/20/17 00:00:00"
313,314,33,1000,7.2800,"07/26/17 00:00:00"
314,315,37,6380,0.5700,"07/24/17 00:00:00"
315,316,8,25610,0.4500,"07/25/17 00:00:00"
316,317,37,6160,0.5700,"07/27/17 00:00:00"
317,318,37,6300,0.5700,"07/31/17 00:00:00"
318,319,70,1600,8.4000,"08/01/17 00:00:00"
319,320,8,26273,0.4650,"08/01/17 00:00:00"
320,321,37,6360,0.5700,"08/03/17 00:00:00"
321,322,33,1000,7.2800,"08/08/17 00:00:00"
322,323,150,2004,12.7000,"08/08/17 00:00:00"
323,324,37,6080,0.5700,"08/07/17 00:00:00"
324,325,46,650,5.1000,"08/10/17 00:00:00"
325,326,37,5680,0.5700,"08/10/17 00:00:00"
326,327,37,6320,0.5700,"08/14/17 00:00:00"
328,329,37,5240,0.5700,"08/21/17 00:00:00"
329,330,150,3069,12.7000,"08/23/17 00:00:00"
330,331,33,300,7.9200,"08/24/17 00:00:00"
331,332,8,26270,0.4650,"08/22/17 00:00:00"
332,333,37,5320,0.5700,"08/24/17 00:00:00"
333,334,46,100,5.1000,"08/28/17 00:00:00"
334,335,37,5120,0.5700,"08/28/17 00:00:00"
335,336,8,24660,0.4650,"08/29/17 00:00:00"
336,337,37,5860,0.5700,"08/31/17 00:00:00"
337,338,45,700,4.7000,"09/04/17 00:00:00"
338,339,37,5680,0.5700,"09/04/17 00:00:00"
339,340,150,1992,12.7000,"09/07/17 00:00:00"
340,341,150,1911,12.7000,"09/07/17 00:00:00"
2,2,45,2000,4.1500,"12/16/14 00:00:00"
3,3,45,24400,3.3000,"01/08/15 00:00:00"
6,6,70,500,7.6000,"02/09/15 00:00:00"
7,8,145,449,10.5000,"02/05/15 00:00:00"
8,9,33,1000,5.7000,"02/09/15 00:00:00"
9,10,33,2000,5.6500,"02/09/15 00:00:00"
10,11,145,400,10.6000,"02/23/15 00:00:00"
11,12,70,500,7.6000,"02/24/15 00:00:00"
12,13,145,390,10.6000,"02/26/15 00:00:00"
13,14,59,1000,6.8500,"03/05/15 00:00:00"
14,15,37,15800,0.6000,"03/04/15 00:00:00"
15,16,33,2000,5.6400,"03/16/15 00:00:00"
16,17,145,708,10.8000,"03/17/15 00:00:00"
17,18,145,700,10.8000,"03/26/15 00:00:00"
18,19,37,11840,0.5850,"03/24/15 00:00:00"
19,20,33,1000,5.6500,"03/31/15 00:00:00"
20,21,139,800,9.1000,"04/01/15 00:00:00"
21,22,145,393,10.8000,"04/02/15 00:00:00"
22,23,145,1227,10.8000,"04/10/15 00:00:00"
23,24,145,1196,10.8000,"04/17/15 00:00:00"
24,25,139,502,9.2000,"04/23/15 00:00:00"
25,26,33,1000,6.0000,"05/12/15 00:00:00"
26,27,33,2000,5.7500,"05/21/15 00:00:00"
27,28,45,22150,3.5200,"05/21/15 00:00:00"
28,29,45,1000,4.2500,"05/21/15 00:00:00"
29,30,37,9740,0.5900,"05/27/15 00:00:00"
30,31,139,832,10.0000,"06/05/15 00:00:00"
31,32,37,20380,0.5800,"06/05/15 00:00:00"
32,33,14,551,7.9000,"06/15/15 00:00:00"
33,34,33,2000,5.7500,"06/22/15 00:00:00"
34,35,145,379,10.5000,"06/25/15 00:00:00"
35,36,45,1000,4.2800,"06/25/15 00:00:00"
36,37,139,996,10.0000,"07/10/15 00:00:00"
37,38,145,513,10.5000,"07/13/15 00:00:00"
38,39,33,2000,5.7500,"07/14/15 00:00:00"
39,40,14,2055,8.0000,"07/21/15 00:00:00"
40,41,145,541,10.5000,"07/24/15 00:00:00"
41,42,14,811,8.1000,"07/27/15 00:00:00"
42,43,145,546,10.5000,"07/31/15 00:00:00"
43,43,,,,
44,44,145,677,10.5000,"08/14/15 00:00:00"
45,45,14,4449,8.0000,"08/19/15 00:00:00"
46,46,145,660,10.5000,"08/21/15 00:00:00"
47,47,14,3002,7.7500,"08/28/15 00:00:00"
48,48,70,700,7.9000,"08/24/15 00:00:00"
49,49,145,626,10.5000,"08/28/15 00:00:00"
50,50,37,24920,0.5600,"09/10/15 00:00:00"
51,51,150,669,15.6000,"09/14/15 00:00:00"
52,52,139,942,10.0000,"09/28/15 00:00:00"
53,53,37,21280,0.5600,"09/20/15 00:00:00"
54,54,33,50,7.0500,"09/30/15 00:00:00"
55,55,37,9425,0.7500,"09/21/15 00:00:00"
56,56,37,16090,0.7200,"09/25/15 00:00:00"
57,57,37,24230,0.5600,"09/27/15 00:00:00"
58,58,37,20990,0.7200,"09/29/15 00:00:00"
59,59,59,1000,6.8500,"10/02/15 00:00:00"
60,60,45,1000,4.1500,"10/12/15 00:00:00"
61,61,37,15575,0.7600,"10/07/15 00:00:00"
62,62,139,695,10.0000,"10/14/15 00:00:00"
63,63,37,20300,0.7200,"10/09/15 00:00:00"
64,64,37,15450,0.7500,"10/14/15 00:00:00"
65,65,79,623,8.4500,"10/15/15 00:00:00"
66,66,150,1360,15.6000,"10/20/15 00:00:00"
67,67,139,1531,10.0000,"10/20/15 00:00:00"
68,68,37,20865,0.7300,"10/20/15 00:00:00"
69,69,37,15480,0.7500,"10/21/15 00:00:00"
70,70,70,400,7.5000,"10/26/15 00:00:00"
71,71,33,1000,5.6500,"10/27/15 00:00:00"
72,72,37,15720,0.7786,"10/27/15 00:00:00"
73,73,45,1000,4.2000,"11/04/15 00:00:00"
74,74,154,608,13.5400,"11/05/15 00:00:00"
75,75,154,300,13.4800,"12/10/15 00:00:00"
76,76,150,300,16.2300,"12/10/15 00:00:00"
77,77,37,19480,0.4700,"12/20/15 00:00:00"
80,82,37,10420,0.6000,"01/18/16 00:00:00"
81,83,45,2000,4.1500,"01/26/16 00:00:00"
82,84,139,1392,9.1000,"02/01/16 00:00:00"
83,85,45,1000,4.2000,"02/09/16 00:00:00"
84,86,37,23800,0.5500,"02/08/16 00:00:00"
85,87,70,300,7.6000,"02/15/16 00:00:00"
87,89,139,1622,9.1000,"02/17/16 00:00:00"
89,91,38,25760,0.2700,"02/23/16 00:00:00"
90,92,139,3777,9.1000,"02/26/16 00:00:00"
91,93,37,24090,0.5300,"02/25/16 00:00:00"
92,94,70,280,8.7000,"03/02/16 00:00:00"
93,95,38,25120,0.2700,"03/06/16 00:00:00"
94,96,37,21310,0.5250,"03/10/16 00:00:00"
95,97,37,25380,0.5550,"03/14/16 00:00:00"
96,98,38,25130,0.2700,"03/13/16 00:00:00"
97,99,37,14230,0.5300,"03/16/16 00:00:00"
98,100,38,24940,0.2700,"03/20/16 00:00:00"
99,101,45,1000,4.1500,"03/22/16 00:00:00"
100,102,38,23260,0.2700,"03/27/16 00:00:00"
101,103,59,1000,5.8800,"04/01/16 00:00:00"
102,104,38,23990,0.2700,"04/03/16 00:00:00"
103,105,37,3000,0.6400,"04/27/16 00:00:00"
104,106,37,24660,0.5300,"04/11/16 00:00:00"
105,107,38,26240,0.2700,"04/10/16 00:00:00"
106,108,38,5780,0.5800,"04/14/16 00:00:00"
107,109,38,23740,0.2700,"04/17/16 00:00:00"
108,110,59,825,5.9000,"04/19/16 00:00:00"
109,111,38,24380,0.2700,"04/24/16 00:00:00"
110,112,37,26040,0.5100,"05/02/16 00:00:00"
111,113,8,25570,0.5100,"05/02/16 00:00:00"
112,114,38,24180,0.2700,"05/01/16 00:00:00"
113,115,37,24620,0.5050,"05/09/16 00:00:00"
114,116,45,1000,4.2000,"05/10/16 00:00:00"
115,117,37,23740,0.4000,"05/09/16 00:00:00"
116,118,38,25276,0.2700,"05/07/16 00:00:00"
341,342,37,6300,0.5700,"09/07/17 00:00:00"
342,343,46,100,5.1000,"09/11/17 00:00:00"
343,344,150,4000,12.7000,"09/11/17 00:00:00"
344,345,37,5320,0.5700,"09/11/17 00:00:00"
345,346,37,5820,0.5700,"09/14/17 00:00:00"
346,347,37,13830,0.5800,"09/06/17 00:00:00"
347,348,33,2000,7.3000,"09/18/17 00:00:00"
348,349,37,6560,0.5700,"09/18/17 00:00:00"
349,350,37,5000,0.5700,"09/21/17 00:00:00"
350,351,33,1000,7.5700,"09/25/17 00:00:00"
351,352,37,6080,0.5700,"09/25/17 00:00:00"
352,353,37,5000,0.5700,"09/28/17 00:00:00"
353,354,46,300,5.1000,"10/02/17 00:00:00"
354,355,33,1000,7.4500,"10/03/17 00:00:00"
355,356,37,6140,0.5700,"10/02/17 00:00:00"
356,357,37,5840,0.5700,"10/05/17 00:00:00"
357,358,46,400,5.1000,"10/09/17 00:00:00"
358,359,37,6200,0.5700,"10/09/17 00:00:00"
359,360,33,2010,6.9000,"10/12/17 00:00:00"
360,361,150,2045,12.7000,"10/13/17 00:00:00"
361,362,45,23475,4.1700,"10/16/17 00:00:00"
362,363,46,150,5.1000,"10/16/17 00:00:00"
363,364,33,1000,7.4600,"10/16/17 00:00:00"
364,365,46,200,5.1000,"10/23/17 00:00:00"
365,366,46,300,5.1000,"11/06/17 00:00:00"
366,367,33,2000,6.0000,"11/06/17 00:00:00"
367,368,59,750,5.5000,"11/07/17 00:00:00"
368,369,33,2000,6.8000,"11/09/17 00:00:00"
369,370,33,1000,7.0500,"11/13/17 00:00:00"
370,371,46,250,5.1000,"11/13/17 00:00:00"
371,372,150,1784,12.7000,"11/15/17 00:00:00"
372,373,150,4206,12.7000,"11/15/17 00:00:00"
373,374,46,150,5.1000,"11/20/17 00:00:00"
374,375,70,50,16.2000,"11/21/17 00:00:00"
375,376,8,26010,0.5000,"11/29/17 00:00:00"
376,377,46,150,5.1000,"12/04/17 00:00:00"
377,378,45,24250,4.1700,"12/05/17 00:00:00"
378,379,150,4221,12.7000,"12/06/17 00:00:00"
379,380,150,2062,12.7000,"12/06/17 00:00:00"
380,381,46,1250,5.1000,"12/07/17 00:00:00"
381,382,14,648,9.3000,"12/07/17 00:00:00"
382,383,33,2000,6.5000,"12/11/17 00:00:00"
383,384,37,24512,0.5000,"12/09/17 00:00:00"
384,385,33,1000,6.9900,"12/12/17 00:00:00"
385,386,37,10140,0.5800,"12/12/17 00:00:00"
386,387,33,13500,6.0700,"12/13/17 00:00:00"
388,389,14,480,9.9000,"12/19/17 00:00:00"
389,390,103,5625,2.0300,"12/20/17 00:00:00"
390,391,46,100,5.1000,"12/21/17 00:00:00"
392,393,33,1000,6.7500,"12/27/17 00:00:00"
393,394,183,470,3.0000,"12/29/17 00:00:00"
394,395,46,150,5.1000,"01/02/18 00:00:00"
395,396,59,750,5.4500,"01/08/18 00:00:00"
396,397,33,4000,6.0000,"01/10/18 00:00:00"
397,398,150,2128,12.7000,"01/10/18 00:00:00"
398,399,150,2186,12.7000,"01/10/18 00:00:00"
399,400,45,22475,4.1700,"01/15/18 00:00:00"
400,401,183,511,3.0000,"01/15/18 00:00:00"
401,402,59,750,5.3800,"01/17/18 00:00:00"
402,403,33,1675,5.7500,"01/22/18 00:00:00"
403,404,46,100,5.1000,"01/29/18 00:00:00"
404,405,183,426,3.0000,"01/24/18 00:00:00"
405,406,183,506,3.0000,"01/31/18 00:00:00"
406,407,46,100,5.1000,"02/05/18 00:00:00"
407,408,183,508,3.0000,"02/07/18 00:00:00"
408,409,150,2266,12.7000,"02/09/18 00:00:00"
409,410,183,450,3.0000,"02/14/18 00:00:00"
410,411,37,25120,0.3900,"02/17/18 00:00:00"
411,412,183,510,3.0000,"02/21/18 00:00:00"
412,413,37,25420,0.4930,"02/20/18 00:00:00"
413,414,33,2000,6.1000,"02/26/18 00:00:00"
414,415,183,510,3.0000,"03/02/18 00:00:00"
415,416,46,100,5.1000,"03/05/18 00:00:00"
416,417,183,501,3.0000,"03/07/18 00:00:00"
417,418,45,1000,4.3000,"03/08/18 00:00:00"
418,419,150,2304,12.7000,"03/09/18 00:00:00"
419,420,33,1000,6.3000,"03/12/18 00:00:00"
420,421,184,25340,0.4880,"03/13/18 00:00:00"
421,422,183,500,3.0000,"03/16/18 00:00:00"
422,423,183,450,3.0000,"03/21/18 00:00:00"
423,424,45,1500,3.9000,"03/22/18 00:00:00"
424,425,38,53660,0.3450,"03/26/18 00:00:00"
425,426,21,5000,0.7700,"03/27/18 00:00:00"
426,427,38,27680,0.3450,"03/27/18 00:00:00"
427,428,183,285,3.0000,"03/29/18 00:00:00"
428,429,183,215,3.0000,"03/30/18 00:00:00"
429,430,38,29240,0.3450,"04/02/18 00:00:00"
430,431,59,750,5.0700,"04/04/18 00:00:00"
431,432,38,55060,0.3450,"04/03/18 00:00:00"
432,433,38,50840,0.3450,"04/09/18 00:00:00"
433,434,45,1000,4.0300,"04/12/18 00:00:00"
434,435,38,27660,0.3450,"04/10/18 00:00:00"
435,436,8,25720,0.3600,"04/12/18 00:00:00"
436,437,184,24400,0.4600,"04/15/18 00:00:00"
437,438,183,250,3.0000,"04/18/18 00:00:00"
438,439,38,52820,0.3450,"04/16/18 00:00:00"
439,440,38,27500,0.3450,"04/17/18 00:00:00"
440,441,21,6000,0.7700,"04/17/18 00:00:00"
441,442,8,25270,0.3650,"04/18/18 00:00:00"
442,443,103,22500,2.0400,"04/19/18 00:00:00"
443,444,183,295,3.2000,"04/20/18 00:00:00"
444,445,58,3000,7.6000,"04/24/18 00:00:00"
445,446,184,26940,0.4600,"04/23/18 00:00:00"
446,447,38,55000,0.3450,"04/23/18 00:00:00"
447,448,38,25440,0.3450,"04/25/18 00:00:00"
448,449,8,23940,0.3650,"04/25/18 00:00:00"
449,450,33,2000,6.7900,"05/02/18 00:00:00"
450,451,38,55760,0.3450,"04/30/18 00:00:00"
451,452,59,750,5.0800,"05/03/18 00:00:00"
452,453,38,26920,0.3450,"05/01/18 00:00:00"
453,454,184,25960,0.4600,"05/02/18 00:00:00"
454,455,8,24640,0.3450,"05/02/18 00:00:00"
455,456,183,250,3.0000,"05/04/18 00:00:00"
456,457,38,55960,0.3450,"05/07/18 00:00:00"
457,458,183,500,3.0000,"05/09/18 00:00:00"
458,459,184,25500,0.4600,"05/08/18 00:00:00"
459,460,8,25950,0.3450,"05/09/18 00:00:00"
460,461,38,25600,0.3450,"05/10/18 00:00:00"
461,462,38,53140,0.3450,"05/14/18 00:00:00"
462,463,38,25840,0.3450,"05/15/18 00:00:00"
463,464,184,25700,0.4600,"05/15/18 00:00:00"
464,465,21,6000,0.7700,"05/22/18 00:00:00"
465,466,38,54480,0.3450,"05/21/18 00:00:00"
466,467,38,25840,0.3450,"05/22/18 00:00:00"
467,468,184,25820,0.4600,"05/23/18 00:00:00"
468,469,37,25520,0.3700,"05/23/18 00:00:00"
469,470,38,53340,0.3450,"05/28/18 00:00:00"
470,471,38,27660,0.3450,"05/29/18 00:00:00"
471,472,33,1000,7.0500,"05/29/18 00:00:00"
472,473,184,26700,0.4600,"05/30/18 00:00:00"
473,474,45,750,3.5500,"06/01/18 00:00:00"
474,475,37,26020,0.3800,"06/02/18 00:00:00"
475,476,45,2000,3.0200,"06/06/18 00:00:00"
476,477,38,26820,0.3450,"06/05/18 00:00:00"
477,478,183,140,3.2000,"06/07/18 00:00:00"
478,479,38,52720,0.3450,"06/04/18 00:00:00"
479,480,59,750,4.9300,"06/11/18 00:00:00"
480,481,184,26100,0.4600,"06/06/18 00:00:00"
481,482,38,55260,0.3450,"06/11/18 00:00:00"
482,483,33,2000,6.8900,"06/14/18 00:00:00"
483,484,150,2500,12.1000,"06/14/18 00:00:00"
484,485,38,24140,0.3450,"06/12/18 00:00:00"
485,486,184,26080,0.4600,"06/12/18 00:00:00"
486,487,38,56040,0.3450,"06/18/18 00:00:00"
487,488,21,5000,0.7700,"06/19/18 00:00:00"
488,489,33,10000,6.1500,"06/21/18 00:00:00"
489,490,184,26860,0.4600,"06/19/18 00:00:00"
490,491,38,28740,0.3450,"06/19/18 00:00:00"
491,492,38,27460,0.3450,"06/25/18 00:00:00"
492,493,38,28740,0.3450,"06/26/18 00:00:00"
493,494,184,26320,0.4600,"06/26/18 00:00:00"
494,495,38,28680,0.3450,"06/27/18 00:00:00"
495,496,38,28720,0.3450,"07/02/18 00:00:00"
496,497,38,27980,0.3450,"07/03/18 00:00:00"
497,498,8,25310,0.4400,"07/04/18 00:00:00"
498,499,38,26380,0.3450,"07/04/18 00:00:00"
499,500,38,28660,0.3450,"07/09/18 00:00:00"
500,501,150,1999,12.7000,"07/13/18 00:00:00"
501,502,8,25860,0.4400,"07/11/18 00:00:00"
502,503,38,28400,0.3450,"07/10/18 00:00:00"
503,504,38,28040,0.3450,"07/11/18 00:00:00"
504,505,46,150,5.1000,"07/16/18 00:00:00"
505,506,38,28640,0.3450,"07/16/18 00:00:00"
506,507,38,26420,0.3450,"07/17/18 00:00:00"
507,508,8,25815,0.4400,"07/18/18 00:00:00"
508,509,38,28700,0.3450,"07/18/18 00:00:00"
509,510,33,2000,6.4300,"07/25/18 00:00:00"
510,511,21,5000,0.7700,"07/24/18 00:00:00"
511,512,38,50000,0.3450,"07/24/18 00:00:00"
512,513,8,26130,0.4400,"07/25/18 00:00:00"
513,514,38,28720,0.3450,"07/25/18 00:00:00"
514,515,38,28780,0.3450,"07/30/18 00:00:00"
515,516,45,5000,2.9800,"08/01/18 00:00:00"
516,517,38,55140,0.3450,"07/31/18 00:00:00"
517,518,33,1000,6.5000,"08/02/18 00:00:00"
518,519,8,25330,0.4400,"08/01/18 00:00:00"
519,520,46,200,5.1000,"08/06/18 00:00:00"
520,521,38,29220,0.3450,"08/06/18 00:00:00"
521,522,38,28200,0.3450,"08/07/18 00:00:00"
522,523,33,10000,6.0800,"08/09/18 00:00:00"
523,524,8,25630,0.4400,"08/08/18 00:00:00"
524,525,38,26240,0.3450,"08/08/18 00:00:00"
525,526,46,100,5.1000,"08/13/18 00:00:00"
526,527,38,26400,0.3450,"08/13/18 00:00:00"
527,527,38,28720,0.3450,"08/13/18 00:00:00"
528,528,38,28700,0.3450,"08/15/18 00:00:00"
529,529,8,24740,0.4400,"08/15/18 00:00:00"
530,530,38,28680,0.3450,"08/20/18 00:00:00"
531,531,38,28700,0.3450,"08/21/18 00:00:00"
532,532,8,25550,0.4400,"08/22/18 00:00:00"
533,533,38,28680,0.3450,"08/22/18 00:00:00"
534,534,59,750,5.0000,"08/23/18 00:00:00"
535,535,192,800,4.8500,"08/22/18 00:00:00"
536,536,46,250,5.1000,"08/27/18 00:00:00"
537,537,172,600,4.8500,"08/28/18 00:00:00"
538,538,38,28720,0.3450,"08/27/18 00:00:00"
539,539,21,5000,0.7700,"08/28/18 00:00:00"
540,540,46,250,5.1000,"08/30/18 00:00:00"
541,541,38,55740,0.3450,"08/28/18 00:00:00"
542,542,8,25114,0.4400,"08/29/18 00:00:00"
543,543,46,100,5.1000,"09/03/18 00:00:00"
544,544,150,1496,12.7000,"09/03/18 00:00:00"
545,545,21,6000,0.8700,"09/04/18 00:00:00"
546,546,59,750,5.0000,"09/05/18 00:00:00"
547,547,38,28780,0.3450,"09/03/18 00:00:00"
548,548,38,28700,0.3450,"09/04/18 00:00:00"
549,549,38,28120,0.3450,"09/05/18 00:00:00"
550,550,8,24700,0.4400,"09/05/18 00:00:00"
551,551,46,200,5.1000,"09/10/18 00:00:00"
552,552,33,4000,5.9000,"09/10/18 00:00:00"
553,553,45,2000,2.8800,"09/11/18 00:00:00"
554,554,21,6000,0.8700,"09/11/18 00:00:00"
555,555,38,28660,0.3450,"09/10/18 00:00:00"
556,556,33,1550,6.3500,"09/12/18 00:00:00"
557,557,33,8000,6.5300,"09/13/18 00:00:00"
558,558,38,28740,0.3450,"09/11/18 00:00:00"
559,559,38,28680,0.3450,"09/12/18 00:00:00"
560,560,8,26040,0.4400,"09/12/18 00:00:00"
561,561,21,11300,0.9000,"09/17/18 00:00:00"
562,562,38,55020,0.3450,"09/17/18 00:00:00"
563,563,38,28820,0.3450,"09/18/18 00:00:00"
564,564,8,25600,0.4400,"09/19/18 00:00:00"
565,565,46,250,5.1000,"09/24/18 00:00:00"
567,567,38,26080,0.3450,"09/24/18 00:00:00"
568,568,21,6000,0.7700,"09/25/18 00:00:00"
569,569,38,29300,0.3450,"09/25/18 00:00:00"
570,570,8,25330,0.4400,"09/26/18 00:00:00"
571,571,38,27980,0.3450,"09/27/18 00:00:00"
572,572,46,600,5.1000,"10/01/18 00:00:00"
573,573,150,1511,12.7000,"10/01/18 00:00:00"
574,574,21,6000,0.8700,"10/02/18 00:00:00"
575,575,70,1000,7.8800,"10/03/18 00:00:00"
576,576,38,54880,0.3450,"10/01/18 00:00:00"
577,577,38,28440,0.3450,"10/02/18 00:00:00"
578,578,8,25640,0.4500,"10/03/18 00:00:00"
579,579,46,200,5.1000,"10/08/18 00:00:00"
580,580,183,140,3.2000,"10/08/18 00:00:00"
581,581,21,6000,0.7700,"10/09/18 00:00:00"
582,582,38,28700,0.3450,"10/08/18 00:00:00"
583,583,46,200,5.1000,"10/11/18 00:00:00"
584,584,38,28700,0.3450,"10/09/18 00:00:00"
585,585,38,25940,0.3450,"10/10/18 00:00:00"
586,586,8,25650,0.4500,"10/10/18 00:00:00"
587,587,33,1000,6.5000,"10/15/18 00:00:00"
588,588,33,12000,5.3000,"10/15/18 00:00:00"
589,589,46,350,5.1000,"10/15/18 00:00:00"
590,590,45,1000,2.8500,"10/16/18 00:00:00"
591,591,38,53520,0.3450,"10/15/18 00:00:00"
592,592,21,6000,0.8700,"10/16/18 00:00:00"
593,593,38,26180,0.3450,"10/17/18 00:00:00"
594,594,8,24010,0.4500,"10/17/18 00:00:00"
595,595,21,6000,0.7700,"10/23/18 00:00:00"
596,596,150,2560,12.7000,"10/23/18 00:00:00"
597,597,38,51460,0.3450,"10/22/18 00:00:00"
598,598,38,26360,0.3450,"10/23/18 00:00:00"
599,599,46,500,5.1000,"10/25/18 00:00:00"
600,600,8,25044,0.4500,"10/24/18 00:00:00"
601,601,46,100,5.1000,"10/29/18 00:00:00"
602,602,21,6000,0.8700,"10/30/18 00:00:00"
603,603,38,28440,0.3450,"10/28/18 00:00:00"
604,604,38,56320,0.3450,"10/29/18 00:00:00"
605,605,46,200,5.1000,"11/05/18 00:00:00"
606,606,45,24000,2.5000,"11/06/18 00:00:00"
607,607,38,29720,0.3600,"11/05/18 00:00:00"
608,608,21,5670,0.8700,"11/06/18 00:00:00"
609,609,38,29520,0.3600,"11/06/18 00:00:00"
610,610,58,3000,7.5000,"11/07/18 00:00:00"
611,611,59,750,5.0000,"11/08/18 00:00:00"
612,612,46,300,5.1000,"11/12/18 00:00:00"
613,613,8,23810,0.4500,"11/08/18 00:00:00"
614,614,21,5800,0.8700,"11/13/18 00:00:00"
615,615,8,24270,0.4500,"11/12/18 00:00:00"
616,616,38,30000,0.3600,"11/12/18 00:00:00"
617,617,38,26060,0.3600,"11/13/18 00:00:00"
618,618,46,300,5.1000,"11/19/18 00:00:00"
619,619,8,25230,0.4500,"11/15/18 00:00:00"
620,620,38,28260,0.3600,"11/19/18 00:00:00"
621,621,38,25820,0.3600,"11/20/18 00:00:00"
622,622,21,3370,0.8700,"11/20/18 00:00:00"
623,623,45,3000,2.6000,"11/23/18 00:00:00"
624,624,46,700,5.1000,"11/26/18 00:00:00"
625,625,8,25633,0.4500,"11/22/18 00:00:00"
626,626,33,1000,6.5000,"11/27/18 00:00:00"
627,627,8,26130,0.4500,"11/26/18 00:00:00"
628,628,38,29680,0.3600,"11/26/18 00:00:00"
629,629,45,22000,2.5000,"11/30/18 00:00:00"
630,630,59,750,5.0000,"11/30/18 00:00:00"
631,631,46,200,5.1000,"12/03/18 00:00:00"
632,632,38,29600,0.3600,"11/29/18 00:00:00"
633,633,38,29780,0.3600,"12/03/18 00:00:00"
634,634,38,28740,0.3600,"12/04/18 00:00:00"
635,635,46,100,5.1000,"12/10/18 00:00:00"
636,636,150,1445,12.7000,"12/10/18 00:00:00"
637,637,8,25212,0.4500,"12/08/18 00:00:00"
638,638,38,29780,0.3600,"12/10/18 00:00:00"
639,639,38,29760,0.3600,"12/11/18 00:00:00"
640,640,8,25500,0.4500,"12/10/18 00:00:00"
641,641,59,750,5.2800,"12/14/18 00:00:00"
642,642,46,100,5.1000,"12/17/18 00:00:00"
643,643,193,25880,0.3600,"12/17/18 00:00:00"
644,644,193,29520,0.3600,"12/19/18 00:00:00"
645,645,8,25705,0.4500,"12/20/18 00:00:00"
646,646,70,1800,7.6800,"12/27/18 00:00:00"
647,647,193,26000,0.3600,"12/23/18 00:00:00"
648,648,8,25945,0.4500,"12/24/18 00:00:00"
649,649,193,29020,0.3600,"12/27/18 00:00:00"
