id_offre,venditore,articolo,prezzo,provvigione,tipologia
4,11,26,0.0000,0.0049999999,"Q.TA"
5,4,19,0.0000,0,
6,4,22,0.0000,0,
9,6,31,2.3800,0.029999999,
10,6,30,0.5900,0.02,
11,7,20,0.0000,0.0099999998,
12,12,37,0.0000,,
14,14,32,0.0000,0.025,"Q.TA"
15,15,17,0.0000,0.02,
16,15,28,0.0000,0.02,
17,16,20,0.0000,0.0099999998,
18,16,26,0.0000,0.0049999999,
20,17,25,0.0000,0.02,
21,18,21,0.0000,0,
22,18,8,0.0000,0,
23,18,22,0.0000,0,
24,19,33,0.0000,0.029999999,
25,19,35,0.0000,0.02,
26,20,25,0.0000,0,
27,20,20,0.0000,0.0099999998,
28,20,28,0.0000,0,
29,21,29,0.0000,0.02,
30,22,28,0.0000,0.02,
31,23,22,5.0000,0.0099999998,"Valore"
32,24,19,0.0000,0.02,
33,24,18,0.0000,0.02,
34,25,34,0.0000,0.02,
35,11,8,0.0000,0.0099999998,"Q.TA"
36,11,40,0.0000,0.0049999999,"Q.TA"
37,4,20,0.0000,0,
38,16,40,0.0000,0,
39,4,38,0.0000,0,
40,18,37,0.0000,0.0099999998,
41,26,44,0.0000,0.02,
42,13,8,0.0000,0.029999999,
43,30,45,0.0000,0,
44,26,33,0.0000,0.050000001,
45,14,46,0.0000,0.1,"Q.TA"
46,8,37,0.0000,0.02,
47,32,33,0.0000,0.2,
48,33,47,0.0000,0.1,
49,35,29,0.0000,0,
50,34,29,0.0000,0,
51,9,48,0.0000,0.02,
52,26,49,0.0000,0.050000001,
53,9,25,0.0000,0.02,
54,36,50,0.0000,0,
55,37,51,0.0000,0,
56,4,53,0.0000,0,
57,4,52,0.0000,0,
58,38,54,0.0000,0,
60,30,55,0.0000,0,
61,36,20,0.0000,0,
63,30,38,0.0000,0,
64,41,57,0.0000,0.029999999,
65,37,58,0.0000,0,
66,30,59,0.0000,0,
67,4,10,0.0000,0,
68,42,14,0.0000,0,
69,38,60,0.0000,0,
70,30,26,0.0000,0,
71,43,48,0.0000,0,
72,17,54,0.0000,0,
73,9,54,0.0000,0,
74,9,33,0.0000,0.02,
75,44,61,0.0000,0,
76,4,40,0.0000,0,
77,15,29,0.0000,0,
78,26,17,0.0000,0,
79,45,40,0.0000,0,
80,46,57,0.0000,0,
81,4,62,0.0000,0,
82,47,21,0.0000,0,
84,27,47,0.0000,0,
85,41,60,0.0000,0,
86,27,55,0.0000,0,
87,8,8,0.0000,0,
88,41,25,0.0000,0,
89,28,64,0.0000,0,
90,28,65,0.0000,0,
91,28,50,0.0000,0,
92,49,68,0.0000,0,
93,49,69,0.0000,0,
94,49,67,0.0000,0,
95,49,66,0.0000,0,
96,50,63,0.0000,0,
97,9,71,0.0000,0,
98,13,51,0.0000,0,
99,14,72,0.0000,0,
100,27,73,0.0000,0.13,
101,41,18,0.0000,0.029999999,
102,51,33,0.0000,0.1,
103,26,25,0.0000,0,
104,45,38,0.0000,0,
105,26,70,0.0000,0,
106,6,103,0.0000,0.029999999,
107,36,17,0.0000,0,
108,41,75,0.0000,0.029999999,
109,14,33,0.0000,0.15000001,
110,16,38,0.0000,0,
111,4,33,0.0000,0,
113,41,76,0.0000,0,
115,52,17,0.0000,0,
116,9,17,0.0000,0.02,
120,36,57,0.0000,0.029999999,
121,38,17,0.0000,0,
122,53,8,0.0000,0.0099999998,
1,4,21,0.0000,0.02,"Q.TA"
123,16,54,0.0000,0,
125,24,10,0.0000,0,
126,41,34,0.0000,0,
127,16,17,0.0000,0,
128,36,80,0.0000,0.029999999,
129,54,45,0.0000,0,
130,11,81,0.0000,0,
131,55,17,0.0000,0,
133,56,38,0.0000,0,
134,57,38,0.0000,0,
135,56,55,0.0000,0,
136,60,54,0.0000,0,
137,60,17,0.0000,0,
142,62,20,0.0000,0,
143,37,59,0.0000,0,
144,4,86,0.0000,0,
145,63,86,0.0000,0,
148,16,89,0.0000,0,
149,65,8,0.0000,0,
150,64,8,0.0000,0,
151,67,38,0.0000,0.0049999999,"Q.TA"
152,4,17,0.0000,0,
153,68,90,0.0000,0,
154,9,20,0.0000,0,
155,26,35,0.0000,0,
156,7,40,0.0000,0,
157,7,38,0.0000,0,
158,7,26,0.0000,0,
159,30,40,0.0000,0,
160,9,40,0.0000,0,
161,9,38,0.0000,0,
162,9,26,0.0000,0,
163,4,171,0.0000,0,
164,45,26,0.0000,0,
165,11,38,0.0000,0,
166,56,26,0.0000,0,
167,56,40,0.0000,0,
168,53,40,0.0000,0,
169,53,38,0.0000,0,
170,53,26,0.0000,0,
171,70,40,0.0000,0,
172,70,38,0.0000,0,
173,70,26,0.0000,0,
174,71,40,0.0000,0,
175,71,38,0.0000,0,
176,71,26,0.0000,0,
177,72,40,0.0000,0,
178,72,38,0.0000,0,
179,72,26,0.0000,0,
180,73,40,0.0000,0,
181,73,38,0.0000,0,
182,73,26,0.0000,0,
183,74,40,0.0000,0,
184,74,38,0.0000,0,
185,74,26,0.0000,0,
186,75,40,0.0000,0,
187,75,38,0.0000,0,
188,75,26,0.0000,0,
192,77,40,0.0000,0,
193,77,38,0.0000,0,
194,77,26,0.0000,0,
195,78,40,0.0000,0,
196,78,26,0.0000,0,
197,78,38,0.0000,0,
198,67,40,0.0000,0,
199,67,26,0.0000,0,
200,79,40,0.0000,0,
201,79,38,0.0000,0,
202,79,26,0.0000,0,
203,30,8,0.0000,0,
204,30,37,0.0000,0,
205,37,8,0.0000,0,
206,37,37,0.0000,0,
207,72,8,0.0000,0,
208,72,37,0.0000,0,
209,53,37,0.0000,0,
210,45,8,0.0000,0,
211,45,37,0.0000,0,
212,11,37,0.0000,0,
213,9,8,0.0000,0,
214,9,37,0.0000,0,
215,27,8,0.0000,0,
216,27,37,0.0000,0,
217,62,8,0.0000,0,
218,62,37,0.0000,0,
219,77,8,0.0000,0,
220,77,37,0.0000,0,
221,79,8,0.0000,0,
222,79,37,0.0000,0,
223,71,8,0.0000,0,
224,71,37,0.0000,0,
225,70,8,0.0000,0,
226,70,37,0.0000,0,
227,80,8,0.0000,0,
228,80,37,0.0000,0,
229,81,8,0.0000,0,
230,81,37,0.0000,0,
231,82,8,0.0000,0,
232,82,37,0.0000,0,
233,83,8,0.0000,0,
234,83,37,0.0000,0,
235,84,8,0.0000,0,
236,84,37,0.0000,0,
237,85,8,0.0000,0,
238,85,37,0.0000,0,
239,86,40,0.0000,0,
1818,356,131,0.0000,0,
1819,350,33,0.0000,0,
1820,357,106,0.0000,0,
62,40,56,0.0000,0.02,"Valore"
240,86,38,0.0000,0,
241,86,26,0.0000,0,
242,87,40,0.0000,0,
243,87,38,0.0000,0,
244,87,26,0.0000,0,
245,88,40,0.0000,0,
246,88,38,0.0000,0,
247,88,26,0.0000,0,
248,89,40,0.0000,0,
249,89,38,0.0000,0,
250,89,26,0.0000,0,
251,90,40,0.0000,0,
252,90,38,0.0000,0,
253,90,26,0.0000,0,
254,62,22,0.0000,0,
255,45,20,0.0000,0,
256,91,94,0.0000,0,
257,36,95,0.0000,0,
258,92,26,0.0000,0,
259,93,38,0.0000,0,
260,24,62,0.0000,0,
261,24,89,0.0000,0,
262,24,59,0.0000,0,
263,24,55,0.0000,0,
264,24,86,0.0000,0,
265,24,45,0.0000,0,
266,24,60,0.0000,0,
267,24,58,0.0000,0,
268,41,62,0.0000,0,
269,41,89,0.0000,0,
270,41,59,0.0000,0,
271,41,55,0.0000,0,
272,41,86,0.0000,0,
273,41,45,0.0000,0,
274,41,10,0.0000,0,
275,41,60,0.0000,0,
276,41,58,0.0000,0,
277,29,62,0.0000,0,
278,29,89,0.0000,0,
279,29,59,0.0000,0,
280,29,55,0.0000,0,
281,29,86,0.0000,0,
282,29,10,0.0000,0,
283,29,45,0.0000,0,
284,29,60,0.0000,0,
285,29,58,0.0000,0,
286,27,62,0.0000,0,
287,27,89,0.0000,0,
288,27,59,0.0000,0,
289,27,86,0.0000,0,
290,27,10,0.0000,0,
291,27,45,0.0000,0,
292,27,60,0.0000,0,
293,27,58,0.0000,0,
294,9,62,0.0000,0,
295,9,89,0.0000,0,
296,9,59,0.0000,0,
297,9,55,0.0000,0,
298,9,86,0.0000,0,
299,9,10,0.0000,0,
300,9,45,0.0000,0,
301,9,60,0.0000,0,
302,9,58,0.0000,0,
303,4,89,0.0000,0,
304,4,59,0.0000,0,
305,4,55,0.0000,0,
306,4,10,0.0000,0,
307,4,45,0.0000,0,
308,4,60,0.0000,0,
309,4,58,0.0000,0,
310,16,62,0.0000,0,
311,16,59,0.0000,0,
312,16,55,0.0000,0,
313,16,86,0.0000,0,
314,16,10,0.0000,0,
315,16,45,0.0000,0,
316,16,60,0.0000,0,
317,16,58,0.0000,0,
318,65,62,0.0000,0,
319,65,89,0.0000,0,
320,65,59,0.0000,0,
321,65,55,0.0000,0,
322,65,86,0.0000,0,
323,65,10,0.0000,0,
324,65,45,0.0000,0,
325,65,60,0.0000,0,
326,65,58,0.0000,0,
327,62,209,0.0000,0,
328,62,89,0.0000,0,
329,62,59,0.0000,0,
330,62,55,0.0000,0,
331,62,86,0.0000,0,
332,62,10,0.0000,0,
333,62,45,0.0000,0,
334,62,60,0.0000,0,
335,62,58,0.0000,0,
336,56,59,0.0000,0,
337,56,62,0.0000,0,
338,56,89,0.0000,0,
339,56,86,0.0000,0,
340,56,10,0.0000,0,
341,56,45,0.0000,0,
342,56,60,0.0000,0,
343,56,58,0.0000,0,
344,87,62,0.0000,0,
345,87,89,0.0000,0,
346,87,59,0.0000,0,
347,87,55,0.0000,0,
348,87,86,0.0000,0,
349,87,10,0.0000,0,
350,87,45,0.0000,0,
351,87,60,0.0000,0,
352,87,58,0.0000,0,
353,44,62,0.0000,0,
354,44,89,0.0000,0,
819,63,80,0.0000,0,
820,63,34,0.0000,0,
821,63,50,0.0000,0,
822,63,18,0.0000,0,
823,63,76,0.0000,0,
824,63,64,0.0000,0,
825,63,71,0.0000,0,
826,63,57,0.0000,0,
827,63,75,0.0000,0,
828,112,80,0.0000,0,
829,112,34,0.0000,0,
830,112,50,0.0000,0,
831,112,18,0.0000,0,
832,112,76,0.0000,0,
833,112,64,0.0000,0,
834,112,71,0.0000,0,
835,112,57,0.0000,0,
836,112,75,0.0000,0,
837,148,80,0.0000,0,
838,148,34,0.0000,0,
839,148,50,0.0000,0,
840,148,18,0.0000,0,
841,148,76,0.0000,0,
842,148,64,0.0000,0,
843,148,71,0.0000,0,
844,148,57,0.0000,0,
845,148,75,0.0000,0,
846,70,80,0.0000,0,
847,70,34,0.0000,0,
848,70,50,0.0000,0,
849,70,18,0.0000,0,
850,70,76,0.0000,0,
851,70,71,0.0000,0,
852,70,64,0.0000,0,
853,70,57,0.0000,0,
854,70,75,0.0000,0,
855,149,80,0.0000,0,
856,149,34,0.0000,0,
857,149,50,0.0000,0,
858,149,18,0.0000,0,
859,149,76,0.0000,0,
860,149,64,0.0000,0,
861,149,71,0.0000,0,
862,149,57,0.0000,0,
863,149,75,0.0000,0,
864,150,80,0.0000,0,
865,150,34,0.0000,0,
866,150,50,0.0000,0,
867,150,18,0.0000,0,
868,150,76,0.0000,0,
869,150,64,0.0000,0,
870,150,71,0.0000,0,
871,150,57,0.0000,0,
872,150,75,0.0000,0,
873,151,80,0.0000,0,
874,151,34,0.0000,0,
875,151,50,0.0000,0,
876,151,18,0.0000,0,
877,151,76,0.0000,0,
878,151,64,0.0000,0,
879,151,71,0.0000,0,
880,151,57,0.0000,0,
881,151,75,0.0000,0,
882,152,80,0.0000,0,
883,152,34,0.0000,0,
884,152,50,0.0000,0,
885,152,18,0.0000,0,
886,152,76,0.0000,0,
887,152,64,0.0000,0,
888,152,71,0.0000,0,
889,152,57,0.0000,0,
890,152,75,0.0000,0,
891,125,80,0.0000,0,
892,125,34,0.0000,0,
893,125,50,0.0000,0,
894,125,18,0.0000,0,
895,125,76,0.0000,0,
896,125,64,0.0000,0,
897,125,71,0.0000,0,
898,125,57,0.0000,0,
899,125,75,0.0000,0,
900,154,80,0.0000,0,
901,154,34,0.0000,0,
902,154,50,0.0000,0,
903,154,18,0.0000,0,
904,154,76,0.0000,0,
905,154,64,0.0000,0,
906,154,71,0.0000,0,
907,154,57,0.0000,0,
908,154,75,0.0000,0,
909,139,80,0.0000,0,
910,139,34,0.0000,0,
911,139,50,0.0000,0,
912,139,18,0.0000,0,
913,139,76,0.0000,0,
914,139,64,0.0000,0,
915,139,71,0.0000,0,
916,139,57,0.0000,0,
917,139,75,0.0000,0,
918,155,99,0.0000,0,
919,155,107,0.0000,0,
920,153,34,0.0000,0,
921,156,92,0.0000,0,
922,15,92,0.0000,0,
923,16,92,0.0000,0,
924,22,92,0.0000,0,
925,9,92,0.0000,0,
926,103,92,0.0000,0,
928,65,92,0.0000,0,
929,125,92,0.0000,0,
930,154,92,0.0000,0,
931,157,92,0.0000,0,
932,47,63,0.0000,0,
1821,265,204,0.0000,0,
1884,389,92,0.0000,0,
1885,321,120,0.0000,0,
569,5,105,0.0000,0,"Valore"
1463,5,135,0.0000,0,"Valore"
1468,224,34,0.0000,0,
1469,224,131,0.0000,0,
1470,224,134,0.0000,0,
1471,225,92,0.0000,0,
1472,225,38,0.0000,0,
1473,225,40,0.0000,0,
1474,225,131,0.0000,0,
1475,41,112,0.0000,0.02,"Q.TA"
1476,226,45,0.0000,0,
1477,226,37,0.0000,0,
1478,226,8,0.0000,0,
1479,226,,0.0000,0,
1480,5,136,0.0000,0,
1481,227,40,0.0000,0,
1482,227,38,0.0000,0,
1483,227,26,0.0000,0,
1484,95,40,0.0000,0,
1485,95,38,0.0000,0,
1486,95,26,0.0000,0,
1487,171,116,0.0000,0,
1488,171,10,0.0000,0,
1489,228,45,0.0000,0,
1490,33,37,0.0000,0.0099999998,"Q.TA"
1491,229,37,0.0000,0,
1492,5,137,0.0000,0,
1493,62,38,0.0000,0,
1494,9,107,0.0000,0,
1495,231,138,0.0000,0,
1496,4,,0.0000,0,
1497,5,139,0.0000,0,
1498,5,8,0.0000,0,
1499,5,140,0.0000,0,
1500,5,38,0.0000,0,
1501,5,8,0.0000,0,
1502,5,141,0.0000,0,
1503,5,142,0.0000,0,
1504,24,111,0.0000,0,
1505,233,107,0.0000,0,"Q.TA"
1506,129,41,0.0000,0,
1507,129,143,0.0000,0,
1508,129,20,0.0000,0,
1509,234,144,0.0000,0,
1510,235,38,0.0000,0,
1511,235,130,0.0000,0,
1512,235,,0.0000,0,
1513,236,145,0.0000,0,
1514,237,33,0.0000,0,
1516,118,32,0.0000,0,
1515,118,32,0.0000,0,
1517,238,139,0.0000,0,
1518,8,146,0.0000,0,
1519,240,38,0.0000,0,
1520,241,20,0.0000,0,
1521,138,111,0.0000,0,
1522,243,140,0.0000,0,
1523,244,21,0.0000,0,
1524,236,139,0.0000,0,
1525,245,14,0.0000,0,
1526,102,38,0.0000,0,
1527,246,45,0.0000,0,
1528,216,147,0.0000,0,
1529,247,134,0.0000,0,
1530,247,148,0.0000,0,
1531,157,149,0.0000,0,
1532,102,26,0.0000,0,
1533,248,38,0.0000,0,
1534,8,46,0.0000,0,
1535,248,20,0.0000,0,
1536,249,38,0.0000,0,
1537,250,150,0.0000,0,
1539,16,151,0.0000,0,
1540,118,72,0.0000,0,
1541,102,171,0.0000,0,
1542,251,33,0.0000,0,
1543,252,18,0.0000,0,
1544,253,79,0.0000,0,
1546,135,38,0.0000,0,
1547,254,154,0.0000,0,
1548,255,171,0.0000,0,
1549,24,44,0.0000,0,
1550,103,103,0.0000,0,
1551,103,111,0.0000,0,
1552,256,38,0.0000,0,
1553,256,171,0.0000,0,
1554,254,150,0.0000,0,
1556,5,155,0.0000,0,
1557,34,33,0.0000,0,
1558,26,156,0.0000,0,
1559,257,171,0.0000,0,
1560,258,38,0.0000,0,
1561,102,20,0.0000,0,
1564,62,33,0.0000,0,
1565,259,38,0.0000,0,
1566,260,38,0.0000,0,
1567,251,45,0.0000,0,
1568,33,171,0.0000,0,
1569,261,38,0.0000,0,
1570,6,131,0.0000,0,
1571,4,158,0.0000,0,
1572,6,158,0.0000,0,
1573,62,25,0.0000,0,
1574,262,44,0.0000,0,
1575,263,34,0.0000,0,
1576,231,159,0.0000,0,
1663,295,119,0.0000,0,
1664,5,175,0.0000,0,
1665,5,176,0.0000,0,
1666,170,112,0.0000,0,
1872,383,106,0.0000,0,
1873,4,216,0.0000,0,
1874,384,216,0.0000,0,
1875,385,54,0.0000,0,
1908,399,92,0.0000,0,
603,5,88,0.0000,0,"Valore"
1577,249,10,0.0000,0,
1578,118,171,0.0000,0,
1579,118,26,0.0000,0,
1580,264,59,0.0000,0,
1581,257,38,0.0000,0,
1582,265,37,0.0000,0,
1583,266,55,0.0000,0,
1584,267,37,0.0000,0,
1585,267,8,0.0000,0,
1586,266,10,0.0000,0,
1587,268,14,0.0000,0,
1588,248,37,0.0000,0,
1589,270,38,0.0000,0,
1590,118,40,0.0000,0,
1591,266,62,0.0000,0,
1592,271,37,0.0000,0,
1593,272,55,0.0000,0,
1594,136,111,0.0000,0,
1595,249,20,0.0000,0,
1596,275,32,0.0000,0,"Q.TA"
1597,273,34,0.0000,0,
1598,102,40,0.0000,0,
1599,276,38,0.0000,0,
1600,276,35,0.0000,0,
1601,41,119,0.0000,0,
1602,265,8,0.0000,0,
1603,192,37,0.0000,0,
1604,192,8,0.0000,0,
1605,4,25,0.0000,0,
1606,277,25,0.0000,0,
1607,41,157,0.0000,0,
1608,273,119,0.0000,0,
1609,278,33,0.0000,0,
1610,279,131,0.0000,0,
1611,280,131,0.0000,0,
1612,281,22,0.0000,0,
1613,282,62,0.0000,0,
1614,268,105,0.0000,0,
1615,4,62,0.0000,0,
1616,272,62,0.0000,0,
1617,283,14,0.0000,0,
1618,283,105,0.0000,0,
1619,283,97,0.0000,0,
1620,283,15,0.0000,0,
1621,36,107,0.0000,0,
1622,170,10,0.0000,0,
1623,282,55,0.0000,0,
1624,284,62,0.0000,0,
1625,188,58,0.0000,0,
1626,119,25,0.0000,0,
1627,36,161,0.0000,0,
1628,285,162,0.0000,0,
1629,286,45,0.0000,0,
1630,283,16,0.0000,0,
1631,283,163,0.0000,0,
1632,27,197,0.0000,0,
1633,32,54,0.0000,0,
1634,287,165,0.0000,0,
1635,4,159,0.0000,0,
1636,288,159,0.0000,0,
1637,282,164,0.0000,0,
1638,287,167,0.0000,0,
1639,283,79,0.0000,0,
1641,277,54,0.0000,0,
1642,277,17,0.0000,0,
1643,289,38,0.0000,0,
1644,266,169,0.0000,0,
1645,290,10,0.0000,0,
1646,245,15,0.0000,0,
1647,245,16,0.0000,0,
1648,245,163,0.0000,0,
1649,291,170,0.0000,0,
1650,267,171,0.0000,0,
1651,292,38,0.0000,0,
1652,265,172,0.0000,0,
1653,273,17,0.0000,0,
1654,293,131,0.0000,0,
1655,36,156,0.0000,0,
1656,290,25,0.0000,0,
1657,136,38,0.0000,0,
1658,19,59,0.0000,0,
1659,294,173,0.0000,0,
1660,19,172,0.0000,0,
1661,19,45,0.0000,0,
1662,290,174,0.0000,0,
1667,296,169,0.0000,0,
1670,298,61,0.0000,0,
1671,273,44,0.0000,0,
1672,299,134,0.0000,0,
1673,5,177,0.0000,0,
1674,5,178,0.0000,0,
1675,257,37,0.0000,0,
1676,273,28,0.0000,0,
1677,300,54,0.0000,0,
1678,301,179,0.0000,0,
1679,272,10,0.0000,0,
1680,302,180,0.0000,0,
1681,284,25,0.0000,0,
1682,150,92,0.0000,0,
1683,251,59,0.0000,0,
1684,303,22,0.0000,0,
1685,170,18,0.0000,0,
1686,304,92,0.0000,0,
1687,33,181,0.0000,0,
1688,170,121,0.0000,0,
1689,294,38,0.0000,0,
1690,305,131,0.0000,0,
1691,306,22,0.0000,0,
1692,93,180,0.0000,0,
1693,307,131,0.0000,0,
1694,118,33,0.0000,0,
1695,118,37,0.0000,0,
1316,5,124,0.0000,0,"Valore"
1696,308,25,0.0000,0,
1697,266,111,0.0000,0,
1698,8,33,0.0000,0,
1699,36,22,0.0000,0,
1700,310,92,0.0000,0,
1701,36,131,0.0000,0,
1702,311,20,0.0000,0.0099999998,"Q.TA"
1703,312,92,0.0000,0,
1704,273,33,0.0000,0,
1705,313,29,0.0000,0,
1706,314,10,0.0000,0,
1707,273,106,0.0000,0,
1708,273,131,0.0000,0,
1709,119,54,0.0000,0,
1710,272,111,0.0000,0,
1711,315,22,0.0000,0,
1712,284,99,0.0000,0,
1713,284,107,0.0000,0,
1714,272,33,0.0000,0,
1715,294,37,0.0000,0,"Q.TA"
1716,170,182,0.0000,0,
1717,316,44,0.0000,0,
1718,317,14,0.0000,0,
1719,294,180,0.0000,0,
1720,294,183,0.0000,0,
1721,282,10,0.0000,0,
1722,284,76,0.0000,0,
1723,318,121,0.0000,0,
1724,319,103,0.0000,0,
1725,321,86,0.0000,0,
1726,4,54,0.0000,0,
1727,284,44,0.0000,0,
1728,296,121,0.0000,0,
1729,284,17,0.0000,0,
1730,284,37,0.0000,0,
1731,30,,0.0000,0,
1732,284,184,0.0000,0,
1733,5,185,0.0000,0,
1734,312,111,0.0000,0,
1735,323,59,0.0000,0,
1736,324,94,0.0000,0,
1737,325,21,0.0000,0,
1738,5,186,0.0000,0,
1739,326,17,0.0000,0,
1740,284,38,0.0000,0,
1741,327,150,0.0000,0,
1742,5,187,0.0000,0,
1743,313,54,0.0000,0,
1744,328,150,0.0000,0,
1745,13,188,0.0000,0,
1746,13,190,0.0000,0,
1747,13,189,0.0000,0,
1748,118,54,0.0000,0,
1749,329,63,0.0000,0,
1750,314,45,0.0000,0,
1751,284,92,0.0000,0,
1752,330,150,0.0000,0,
1753,321,89,0.0000,0.0099999998,"Q.TA"
1754,331,150,0.0000,0,
1755,208,92,0.0000,0,
1756,216,191,0.0000,0,
1757,62,111,0.0000,0,
1758,62,111,0.0000,0,
1759,251,111,0.0000,0,
1760,251,192,0.0000,0,
1761,36,138,0.0000,0,
1762,332,54,0.0000,0,
1763,284,10,0.0000,0,
1764,333,54,0.0000,0,
1765,272,25,0.0000,0,
1766,273,25,0.0000,0,
1767,265,38,0.0000,0,
1768,247,22,0.0000,0,
1769,284,106,0.0000,0,
1770,334,17,0.0000,0,
1771,241,54,0.0000,0,
1772,335,54,0.0000,0,
1773,289,21,0.0000,0,
1774,284,193,0.0000,0,
1775,241,25,0.0000,0,
1776,5,194,0.0000,0,
1777,336,107,0.0000,0,
1778,314,195,0.0000,0,
1779,337,180,0.0000,0,
1780,338,92,0.0000,0,
1781,336,34,0.0000,0,
1782,314,196,0.0000,0,
1783,339,180,0.0000,0,
1784,340,54,0.0000,0,
1785,341,60,0.0000,0,
1786,342,120,0.0000,0,
1787,167,60,0.0000,0,
1788,272,54,0.0000,0,
1789,273,54,0.0000,0,
1790,336,54,0.0000,0,
1791,170,198,0.0000,0,
1792,343,199,0.0000,0,
1793,336,17,0.0000,0,
1794,344,10,0.0000,0,
1795,345,106,0.0000,0,
1796,344,20,0.0000,0,
1797,345,131,0.0000,0,
1798,296,112,0.0000,0,
1799,81,200,0.0000,0,
1800,318,182,0.0000,0,
1801,344,22,0.0000,0,
1802,346,20,0.0000,0.0099999998,"Q.TA"
1803,347,38,0.0000,0,
1804,348,54,0.0000,0,
1805,5,201,0.0000,0,
1806,349,21,0.0000,0,"Q.TA"
1807,170,131,0.0000,0,
1808,350,202,0.0000,0,
1809,350,8,0.0000,0,
1259,5,97,0.0000,0,"Valore"
1810,27,203,0.0000,0,
1811,351,131,0.0000,0,
1812,352,131,0.0000,0,
1813,336,10,0.0000,0,
1814,353,21,0.0000,0,
1815,336,25,0.0000,0,
1816,354,10,0.0000,0,
1817,355,60,0.0000,0,
1822,358,22,0.0000,0,
1823,354,55,0.0000,0,
1824,359,45,0.0000,0,
1825,360,93,0.0000,0,
1826,360,187,0.0000,0,
1827,360,185,0.0000,0,
1828,361,38,0.0000,0,
1829,362,22,0.0000,0,
1830,363,38,0.0000,0,
1831,277,33,0.0000,0,
1832,296,10,0.0000,0,
1833,364,22,0.0000,0,
1834,304,54,0.0000,0,
1835,13,37,0.0000,0,
1836,336,92,0.0000,0,
1837,251,205,0.0000,0,
1838,365,38,0.0000,0,
1839,272,112,0.0000,0,
1840,342,92,0.0000,0,
1841,366,206,0.0000,0,
1842,367,107,0.0000,0,
1843,27,207,0.0000,0,
1844,296,121,0.0000,0,
1845,368,131,0.0000,0,
1846,366,208,0.0000,0,
1847,369,59,0.0000,0,
1848,370,21,0.0000,0,
1849,371,62,0.0000,0,
1850,372,209,0.0000,0,
1851,272,210,0.0000,0,
1852,119,33,0.0000,0,
1853,373,29,0.0000,0,
1854,374,21,0.0000,0,
1855,170,169,0.0000,0,
1856,33,211,0.0000,0,
1857,33,212,0.0000,0,
1858,284,28,0.0000,0,
1859,342,54,0.0000,0,
1860,284,209,0.0000,0,
1861,371,209,0.0000,0,
1862,318,112,0.0000,0,
1863,148,59,0.0000,0,
1864,148,213,0.0000,0,
1865,148,20,0.0000,0,
1866,375,150,0.0000,0,
1867,376,214,0.0000,0,
1868,377,10,0.0000,0,
1869,376,215,0.0000,0,
1870,300,92,0.0000,0,
1871,380,92,0.0000,0,
1876,371,210,0.0000,0,
1877,377,62,0.0000,0,
1878,5,217,0.0000,0,
1879,5,218,0.0000,0,
1880,386,180,0.0000,0,
1881,387,131,0.0000,0,
1882,361,131,0.0000,0,
1886,38,122,0.0000,0,
1887,148,122,0.0000,0,
1888,342,182,0.0000,0,
1889,390,210,0.0000,0,
1890,208,157,0.0000,0,
1891,377,55,0.0000,0,
1892,148,22,0.0000,0,
1893,199,131,0.0000,0,
1894,391,22,0.0000,0,
1895,393,92,0.0000,0,
1896,154,157,0.0000,0,
1897,170,33,0.0000,0,
1898,394,120,0.0000,0,
1899,341,92,0.0000,0,
1900,395,149,0.0000,0,
1901,396,22,0.0000,0,
1902,397,22,0.0000,0,
1903,398,92,0.0000,0,
1904,170,45,0.0000,0,
1905,342,111,0.0000,0,
1906,341,17,0.0000,0,
1907,385,209,0.0000,0,
1909,399,219,0.0000,0,
1910,342,198,0.0000,0,
1911,400,54,0.0000,0,
1912,401,91,0.0000,0,
1913,401,22,0.0000,0,
1914,372,111,0.0000,0,
1915,402,17,0.0000,0,
1916,403,131,0.0000,0,
1917,404,180,0.0000,0,
1918,393,219,0.0000,0,
1919,393,131,0.0000,0,
1920,124,123,0.0000,0,
1921,372,10,0.0000,0,
1922,406,121,0.0000,0,
1923,407,131,0.0000,0,
1924,300,62,0.0000,0,
1925,393,209,0.0000,0,
1926,342,10,0.0000,0,
1927,408,91,0.0000,0,
1928,342,121,0.0000,0,
1929,393,10,0.0000,0,
1930,321,221,0.0000,0,
1931,300,10,0.0000,0,
1932,321,210,0.0000,0,
1933,368,92,0.0000,0,
1934,148,147,0.0000,0,
1935,287,131,0.0000,0,
1936,364,21,0.0000,0,
117,5,78,0.0000,,"Valore"
355,44,59,0.0000,0,
356,44,55,0.0000,0,
357,44,86,0.0000,0,
358,44,10,0.0000,0,
359,44,45,0.0000,0,
360,44,60,0.0000,0,
361,44,58,0.0000,0,
362,95,62,0.0000,0,
363,95,89,0.0000,0,
364,95,59,0.0000,0,
365,95,55,0.0000,0,
366,95,86,0.0000,0,
367,95,10,0.0000,0,
368,95,45,0.0000,0,
369,95,60,0.0000,0,
370,95,58,0.0000,0,
371,96,62,0.0000,0,
372,96,89,0.0000,0,
373,96,59,0.0000,0,
374,96,55,0.0000,0,
375,96,86,0.0000,0,
376,96,10,0.0000,0,
377,96,45,0.0000,0,
378,96,60,0.0000,0,
379,96,58,0.0000,0,
380,63,62,0.0000,0,
381,63,89,0.0000,0,
382,63,59,0.0000,0,
383,63,55,0.0000,0,
384,63,10,0.0000,0,
385,63,45,0.0000,0,
386,63,60,0.0000,0,
387,63,58,0.0000,0,
388,97,62,0.0000,0,
389,97,89,0.0000,0,
390,97,59,0.0000,0,
391,97,55,0.0000,0,
392,97,86,0.0000,0,
393,97,10,0.0000,0,
394,97,45,0.0000,0,
395,97,60,0.0000,0,
396,97,58,0.0000,0,
397,98,62,0.0000,0,
398,98,89,0.0000,0,
399,98,59,0.0000,0,
400,98,55,0.0000,0,
401,98,86,0.0000,0,
402,98,10,0.0000,0,
403,98,45,0.0000,0,
404,98,60,0.0000,0,
405,98,58,0.0000,0,
406,99,62,0.0000,0,
407,99,89,0.0000,0,
408,99,59,0.0000,0,
409,99,55,0.0000,0,
410,99,86,0.0000,0,
411,99,10,0.0000,0,
412,99,45,0.0000,0,
413,99,60,0.0000,0,
414,99,58,0.0000,0,
415,100,62,0.0000,0,
416,100,89,0.0000,0,
417,100,59,0.0000,0,
418,100,55,0.0000,0,
419,100,86,0.0000,0,
420,100,10,0.0000,0,
421,100,45,0.0000,0,
422,100,60,0.0000,0,
423,100,58,0.0000,0,
424,101,55,0.0000,0,
425,101,10,0.0000,0,
426,102,62,0.0000,0,
427,102,89,0.0000,0,
428,102,59,0.0000,0,
429,102,55,0.0000,0,
430,102,86,0.0000,0,
431,102,10,0.0000,0,
432,102,45,0.0000,0,
433,102,60,0.0000,0,
434,102,58,0.0000,0,
435,103,62,0.0000,0,
436,103,89,0.0000,0,
437,103,86,0.0000,0,
438,103,10,0.0000,0,
439,103,45,0.0000,0,
440,103,60,0.0000,0,
441,103,58,0.0000,0,
442,103,59,0.0000,0,
443,103,55,0.0000,0,
444,104,62,0.0000,0,
445,104,89,0.0000,0,
446,104,59,0.0000,0,
447,104,55,0.0000,0,
448,104,86,0.0000,0,
449,104,10,0.0000,0,
450,104,45,0.0000,0,
451,104,60,0.0000,0,
452,104,58,0.0000,0,
453,106,62,0.0000,0,
454,106,89,0.0000,0,
455,106,59,0.0000,0,
456,106,55,0.0000,0,
457,106,86,0.0000,0,
458,106,10,0.0000,0,
459,106,45,0.0000,0,
460,106,60,0.0000,0,
461,106,58,0.0000,0,
1937,342,222,0.0000,0,
1938,357,17,0.0000,0,
1939,394,10,0.0000,0,
1940,409,86,0.0000,0,
1941,170,209,0.0000,0,
1942,170,55,0.0000,0,
1943,410,92,0.0000,0,
118,5,77,0.0000,,"Valore"
471,86,62,0.0000,0,
472,86,89,0.0000,0,
473,86,59,0.0000,0,
474,86,55,0.0000,0,
475,86,86,0.0000,0,
476,86,10,0.0000,0,
477,86,45,0.0000,0,
478,86,60,0.0000,0,
479,86,58,0.0000,0,
480,109,62,0.0000,0,
481,109,89,0.0000,0,
482,109,59,0.0000,0,
483,109,55,0.0000,0,
484,109,86,0.0000,0,
485,109,10,0.0000,0,
486,109,45,0.0000,0,
487,109,60,0.0000,0,
488,109,17,0.0000,0,
489,110,62,0.0000,0,
490,110,89,0.0000,0,
491,110,59,0.0000,0,
492,110,55,0.0000,0,
493,110,86,0.0000,0,
494,110,10,0.0000,0,
495,110,45,0.0000,0,
496,110,60,0.0000,0,
497,110,58,0.0000,0,
498,111,62,0.0000,0,
499,111,89,0.0000,0,
500,111,59,0.0000,0,
501,111,55,0.0000,0,
502,111,86,0.0000,0,
503,111,10,0.0000,0,
504,111,45,0.0000,0,
505,111,60,0.0000,0,
506,111,58,0.0000,0,
507,112,62,0.0000,0,
508,112,89,0.0000,0,
509,112,59,0.0000,0,
510,112,55,0.0000,0,
511,112,86,0.0000,0,
512,112,10,0.0000,0,
513,112,45,0.0000,0,
514,112,60,0.0000,0,
515,112,58,0.0000,0,
516,113,62,0.0000,0,
517,113,89,0.0000,0,
518,113,59,0.0000,0,
519,113,55,0.0000,0,
520,113,86,0.0000,0,
521,113,131,0.0000,0,
522,113,45,0.0000,0,
523,113,60,0.0000,0,
524,113,58,0.0000,0,
525,114,62,0.0000,0,
526,114,89,0.0000,0,
527,114,59,0.0000,0,
528,114,55,0.0000,0,
529,114,86,0.0000,0,
530,114,10,0.0000,0,
531,114,45,0.0000,0,
532,114,60,0.0000,0,
533,114,58,0.0000,0,
534,115,62,0.0000,0,
535,115,89,0.0000,0,
536,115,59,0.0000,0,
537,115,55,0.0000,0,
538,115,86,0.0000,0,
539,115,10,0.0000,0,
540,115,45,0.0000,0,
541,115,60,0.0000,0,
542,115,58,0.0000,0,
543,73,62,0.0000,0,
544,73,89,0.0000,0,
545,73,59,0.0000,0,
546,73,55,0.0000,0,
547,73,86,0.0000,0,
548,73,10,0.0000,0,
549,73,45,0.0000,0,
550,73,60,0.0000,0,
551,73,58,0.0000,0,
561,41,96,0.0000,0,
562,90,99,0.0000,0,
563,118,38,0.0000,0,
564,62,21,0.0000,0,
566,26,20,0.0000,0,
567,41,92,0.0000,0,
570,119,17,0.0000,0,
571,37,59,0.0000,0,
572,37,45,0.0000,0,
573,43,59,0.0000,0,
574,43,45,0.0000,0,
575,43,58,0.0000,0,
576,63,22,0.0000,0,
577,121,59,0.0000,0,
578,121,45,0.0000,0,
579,121,58,0.0000,0,
580,122,59,0.0000,0,
581,122,45,0.0000,0,
582,122,58,0.0000,0,
583,123,59,0.0000,0,
584,123,45,0.0000,0,
1944,394,223,0.0000,0,
1945,411,219,0.0000,0,
1946,4,213,0.0000,0,
1947,342,213,0.0000,0,
1948,148,10,0.0000,0,
1949,412,199,0.0000,0,
1950,170,147,0.0000,0,
1951,220,180,0.0000,0,
1952,412,224,0.0000,0,
585,123,58,0.0000,0,
586,124,22,0.0000,0,
587,125,22,0.0000,0,
588,126,91,0.0000,0,
589,81,91,0.0000,0,
590,124,104,0.0000,0,
591,63,104,0.0000,0,
592,127,104,0.0000,0,
593,126,74,0.0000,0,
594,81,74,0.0000,0,
595,128,21,0.0000,0,
596,124,21,0.0000,0,
597,63,21,0.0000,0,
598,6,21,0.0000,0,
599,129,21,0.0000,0,
600,104,21,0.0000,0,
601,130,21,0.0000,0,
602,125,21,0.0000,0,
604,109,20,0.0000,0,
605,4,35,0.0000,0,
606,38,35,0.0000,0,
607,38,20,0.0000,0,
608,9,35,0.0000,0,
609,131,20,0.0000,0,
610,50,20,0.0000,0,
611,20,35,0.0000,0,
612,36,35,0.0000,0,
613,87,20,0.0000,0,
614,62,35,0.0000,0,
615,56,20,0.0000,0,
617,73,20,0.0000,0,
618,100,20,0.0000,0,
619,134,20,0.0000,0,
620,95,20,0.0000,0,
621,140,20,0.0000,0,
622,135,20,0.0000,0,
623,71,35,0.0000,0,
624,71,20,0.0000,0,
625,136,20,0.0000,0,
626,137,20,0.0000,0,
627,138,20,0.0000,0,
628,125,20,0.0000,0,
629,139,20,0.0000,0,
630,142,20,0.0000,0,
631,9,80,0.0000,0,
632,9,34,0.0000,0,
633,9,50,0.0000,0,
634,9,18,0.0000,0,
635,9,76,0.0000,0,
636,9,64,0.0000,0,
637,9,57,0.0000,0,
638,9,75,0.0000,0,
639,16,80,0.0000,0,
640,16,34,0.0000,0,
641,16,50,0.0000,0,
642,16,18,0.0000,0,
643,16,76,0.0000,0,
644,16,64,0.0000,0,
645,16,71,0.0000,0,
646,16,57,0.0000,0,
647,16,75,0.0000,0,
648,29,80,0.0000,0,
649,29,34,0.0000,0,
650,29,50,0.0000,0,
651,29,18,0.0000,0,
652,29,64,0.0000,0,
653,29,71,0.0000,0,
654,29,57,0.0000,0,
655,29,75,0.0000,0,
656,36,34,0.0000,0,
657,36,18,0.0000,0,
658,36,76,0.0000,0,
659,36,64,0.0000,0,
660,36,71,0.0000,0,
661,36,75,0.0000,0,
662,41,80,0.0000,0,
663,41,50,0.0000,0,
664,41,64,0.0000,0,
665,41,71,0.0000,0,
666,143,80,0.0000,0,
667,143,34,0.0000,0,
668,143,50,0.0000,0,
669,143,18,0.0000,0,
670,143,76,0.0000,0,
671,143,64,0.0000,0,
672,143,71,0.0000,0,
673,143,57,0.0000,0,
674,143,75,0.0000,0,
675,4,80,0.0000,0,
676,4,34,0.0000,0,
677,4,50,0.0000,0,
678,4,18,0.0000,0,
679,4,76,0.0000,0,
680,4,64,0.0000,0,
681,4,71,0.0000,0,
682,4,57,0.0000,0,
683,4,75,0.0000,0,
684,38,80,0.0000,0,
685,38,34,0.0000,0,
686,38,50,0.0000,0,
687,38,18,0.0000,0,
688,38,76,0.0000,0,
689,38,64,0.0000,0,
690,38,71,0.0000,0,
691,38,57,0.0000,0,
692,38,75,0.0000,0,
693,103,80,0.0000,0,
694,103,34,0.0000,0,
695,103,50,0.0000,0,
696,103,18,0.0000,0,
697,103,76,0.0000,0,
698,103,64,0.0000,0,
699,103,71,0.0000,0,
700,103,57,0.0000,0,
1953,193,209,0.0000,0,
701,103,75,0.0000,0,
702,65,80,0.0000,0,
703,65,34,0.0000,0,
704,65,50,0.0000,0,
705,65,18,0.0000,0,
706,65,76,0.0000,0,
707,65,64,0.0000,0,
708,65,71,0.0000,0,
709,65,57,0.0000,0,
710,65,75,0.0000,0,
720,62,80,0.0000,0,
721,62,34,0.0000,0,
722,62,50,0.0000,0,
723,62,18,0.0000,0,
724,62,76,0.0000,0,
725,62,64,0.0000,0,
726,62,71,0.0000,0,
727,62,57,0.0000,0,
728,62,75,0.0000,0,
729,104,80,0.0000,0,
730,104,34,0.0000,0,
731,104,50,0.0000,0,
732,104,18,0.0000,0,
733,104,76,0.0000,0,
734,104,64,0.0000,0,
735,104,71,0.0000,0,
736,104,57,0.0000,0,
737,104,75,0.0000,0,
738,6,80,0.0000,0,
739,6,34,0.0000,0,
740,6,50,0.0000,0,
741,6,18,0.0000,0,
742,6,76,0.0000,0,
743,6,64,0.0000,0,
744,6,71,0.0000,0,
745,6,57,0.0000,0,
746,6,75,0.0000,0,
747,86,80,0.0000,0,
748,86,34,0.0000,0,
749,86,50,0.0000,0,
750,86,18,0.0000,0,
751,86,76,0.0000,0,
752,86,64,0.0000,0,
753,86,71,0.0000,0,
754,86,57,0.0000,0,
755,86,75,0.0000,0,
756,144,80,0.0000,0,
757,144,34,0.0000,0,
758,144,50,0.0000,0,
759,144,18,0.0000,0,
760,144,76,0.0000,0,
761,144,64,0.0000,0,
762,144,71,0.0000,0,
763,144,57,0.0000,0,
764,144,75,0.0000,0,
765,145,80,0.0000,0,
766,145,34,0.0000,0,
767,145,50,0.0000,0,
768,145,18,0.0000,0,
769,145,76,0.0000,0,
770,145,64,0.0000,0,
771,145,71,0.0000,0,
772,145,57,0.0000,0,
773,145,75,0.0000,0,
774,109,80,0.0000,0,
775,109,34,0.0000,0,
776,109,50,0.0000,0,
777,109,18,0.0000,0,
778,109,76,0.0000,0,
779,109,64,0.0000,0,
780,109,71,0.0000,0,
781,109,57,0.0000,0,
782,109,75,0.0000,0,
783,146,80,0.0000,0,
784,146,34,0.0000,0,
785,146,50,0.0000,0,
786,146,18,0.0000,0,
787,146,76,0.0000,0,
788,146,64,0.0000,0,
789,146,71,0.0000,0,
790,146,57,0.0000,0,
791,146,75,0.0000,0,
792,147,80,0.0000,0,
793,147,34,0.0000,0,
794,147,50,0.0000,0,
795,147,18,0.0000,0,
796,147,76,0.0000,0,
797,147,64,0.0000,0,
798,147,71,0.0000,0,
799,147,57,0.0000,0,
800,147,75,0.0000,0,
801,87,80,0.0000,0,
802,87,34,0.0000,0,
803,87,50,0.0000,0,
804,87,18,0.0000,0,
805,87,76,0.0000,0,
806,87,64,0.0000,0,
807,87,71,0.0000,0,
808,87,57,0.0000,0,
809,87,75,0.0000,0,
1954,193,209,0.0000,0,
1955,124,128,0.0000,0,
1956,12,35,0.0000,0,
1957,12,20,0.0000,0,
1958,12,211,0.0000,0,
1959,393,226,0.0000,0,
1960,341,226,0.0000,0,
1961,413,92,0.0000,0,
1962,394,121,0.0000,0,
1963,414,92,0.0000,0,
1964,415,121,0.0000,0,
1965,416,131,0.0000,0,
1966,417,157,0.0000,0,
1967,417,131,0.0000,0,
1968,148,209,0.0000,0,
568,5,102,0.0000,0,"Valore"
1969,418,227,0.0000,0,
1970,193,10,0.0000,0,
1971,419,21,0.0000,0,
1972,420,168,0.0000,0,
1973,313,92,0.0000,0,
1974,421,131,0.0000,0,
1975,399,17,0.0000,0,
1976,410,213,0.0000,0,
1977,422,228,0.0000,0,
1978,394,112,0.0000,0,
1979,423,229,0.0000,0,
1980,423,92,0.0000,0,
1981,296,92,0.0000,0,
1982,424,92,0.0000,0,
1983,425,131,0.0000,0,
1984,426,121,0.0000,0,
1985,426,223,0.0000,0,
1986,427,22,0.0000,0,
1987,428,54,0.0000,0,
1988,417,103,0.0000,0,
933,124,63,0.0000,0,
934,125,63,0.0000,0,
935,158,106,0.0000,0,
936,159,106,0.0000,0,
937,160,106,0.0000,0,
938,161,106,0.0000,0,
939,83,106,0.0000,0,
940,163,61,0.0000,0,
941,17,61,0.0000,0,
943,59,17,0.0000,0,"Q.TA"
944,138,38,0.0000,0,
945,165,61,0.0000,0,
946,16,25,0.0000,0,
947,4,25,0.0000,0,
948,38,25,0.0000,0,
949,143,25,0.0000,0,
950,62,25,0.0000,0,
951,65,25,0.0000,0,
952,134,25,0.0000,0,
953,104,25,0.0000,0,
954,55,25,0.0000,0,
955,111,25,0.0000,0,
956,36,25,0.0000,0,
957,154,25,0.0000,0,
958,166,25,0.0000,0,
959,167,25,0.0000,0,
960,168,25,0.0000,0,
962,170,25,0.0000,0,
963,95,54,0.0000,0,
964,95,53,0.0000,0,
965,95,52,0.0000,0,
966,95,44,0.0000,0,
967,95,28,0.0000,0,
968,95,17,0.0000,0,
969,95,19,0.0000,0,
970,29,54,0.0000,0,
971,29,53,0.0000,0,
972,29,52,0.0000,0,
973,29,44,0.0000,0,
974,29,19,0.0000,0,
975,29,28,0.0000,0,
976,29,17,0.0000,0,
977,41,54,0.0000,0,
978,41,53,0.0000,0,
979,41,52,0.0000,0,
980,41,44,0.0000,0,
981,41,19,0.0000,0,
982,41,28,0.0000,0,
983,41,17,0.0000,0,
984,15,54,0.0000,0,
985,15,52,0.0000,0,
986,4,54,0.0000,0,
987,4,44,0.0000,0,
988,4,28,0.0000,0,
989,38,53,0.0000,0,
990,38,52,0.0000,0,
991,38,44,0.0000,0,
992,38,19,0.0000,0,
993,38,28,0.0000,0,
994,16,53,0.0000,0,
995,16,52,0.0000,0,
996,16,44,0.0000,0,
997,16,19,0.0000,0,
998,16,28,0.0000,0,
999,9,53,0.0000,0,
1000,9,44,0.0000,0,
1001,9,52,0.0000,0,
1002,9,19,0.0000,0,
1003,9,28,0.0000,0,
1004,26,54,0.0000,0,
1005,26,53,0.0000,0,
1006,26,52,0.0000,0,
1007,26,19,0.0000,0,
1008,26,28,0.0000,0,
1009,131,54,0.0000,0,
1010,131,53,0.0000,0,
1011,131,52,0.0000,0,
1012,131,44,0.0000,0,
1013,131,19,0.0000,0,
1014,131,28,0.0000,0,
1015,131,17,0.0000,0,
1016,20,54,0.0000,0,
1017,20,17,0.0000,0,
1018,20,19,0.0000,0,
1019,20,44,0.0000,0,
1020,20,52,0.0000,0,
1021,20,53,0.0000,0,
1022,22,54,0.0000,0,
1023,22,53,0.0000,0,
1024,22,52,0.0000,0,
1025,22,44,0.0000,0,
1026,22,19,0.0000,0,
1027,22,17,0.0000,0,
1028,36,54,0.0000,0,
1029,36,53,0.0000,0,
1030,36,52,0.0000,0,
1031,36,44,0.0000,0,
1032,36,19,0.0000,0,
1033,36,28,0.0000,0,
1034,143,54,0.0000,0,
1035,143,53,0.0000,0,
1036,143,52,0.0000,0,
1037,143,44,0.0000,0,
1038,143,19,0.0000,0,
1039,143,28,0.0000,0,
1040,143,17,0.0000,0,
1041,171,54,0.0000,0,
1042,171,53,0.0000,0,
1043,171,52,0.0000,0,
1044,171,44,0.0000,0,
1045,171,19,0.0000,0,
1046,171,28,0.0000,0,
1047,171,17,0.0000,0,
1048,87,54,0.0000,0,
1049,87,53,0.0000,0,
1050,87,52,0.0000,0,
1051,87,44,0.0000,0,
1052,87,19,0.0000,0,
1053,87,28,0.0000,0,
1054,87,17,0.0000,0,
1055,103,54,0.0000,0,
1056,103,53,0.0000,0,
1057,103,52,0.0000,0,
1058,103,44,0.0000,0,
1059,103,19,0.0000,0,
1060,103,28,0.0000,0,
1061,103,17,0.0000,0,
1062,45,54,0.0000,0,
1063,45,53,0.0000,0,
1064,45,52,0.0000,0,
1065,45,44,0.0000,0,
1066,45,19,0.0000,0,
1067,45,28,0.0000,0,
1068,45,17,0.0000,0,
1069,172,54,0.0000,0,
1070,172,53,0.0000,0,
1071,172,52,0.0000,0,
1072,172,44,0.0000,0,
1073,172,19,0.0000,0,
1074,172,28,0.0000,0,
1075,172,17,0.0000,0,
1076,106,54,0.0000,0,
1077,106,53,0.0000,0,
1078,106,52,0.0000,0,
1079,106,44,0.0000,0,
1080,106,19,0.0000,0,
1081,106,28,0.0000,0,
1082,106,17,0.0000,0,
1090,62,54,0.0000,0,
1091,62,53,0.0000,0,
1092,62,52,0.0000,0,
1093,62,44,0.0000,0,
1094,62,19,0.0000,0,
1095,62,28,0.0000,0,
1096,62,17,0.0000,0,
1097,97,54,0.0000,0,
1098,97,53,0.0000,0,
1099,97,52,0.0000,0,
1100,97,44,0.0000,0,
1101,97,19,0.0000,0,
1102,97,28,0.0000,0,
1103,97,17,0.0000,0,
1104,174,54,0.0000,0,
1105,174,53,0.0000,0,
1106,174,52,0.0000,0,
1107,174,44,0.0000,0,
1108,174,19,0.0000,0,
1109,174,28,0.0000,0,
1110,174,17,0.0000,0,
1111,73,54,0.0000,0,
1112,73,53,0.0000,0,
1113,73,52,0.0000,0,
1114,73,44,0.0000,0,
1115,73,19,0.0000,0,
1116,73,28,0.0000,0,
1117,73,17,0.0000,0,
1118,56,54,0.0000,0,
1119,56,53,0.0000,0,
1120,56,52,0.0000,0,
1121,56,44,0.0000,0,
1122,56,19,0.0000,0,
1123,56,28,0.0000,0,
1124,56,17,0.0000,0,
1125,156,54,0.0000,0,
1126,156,116,0.0000,0,
1127,156,,0.0000,0,
1128,156,,0.0000,0,
1129,63,54,0.0000,0,
1130,63,53,0.0000,0,
1131,63,52,0.0000,0,
1132,63,44,0.0000,0,
1133,63,19,0.0000,0,
1134,63,28,0.0000,0,
1135,63,17,0.0000,0,
1136,168,54,0.0000,0,
1137,168,53,0.0000,0,
1138,168,52,0.0000,0,
1139,168,44,0.0000,0,
1140,168,19,0.0000,0,
1141,168,28,0.0000,0,
1142,168,17,0.0000,0,
1143,109,54,0.0000,0,
1144,109,53,0.0000,0,
1145,109,52,0.0000,0,
1146,109,44,0.0000,0,
1147,109,19,0.0000,0,
1148,109,28,0.0000,0,
1149,111,54,0.0000,0,
1150,111,53,0.0000,0,
1151,111,52,0.0000,0,
1152,111,44,0.0000,0,
1153,111,19,0.0000,0,
1154,111,28,0.0000,0,
1155,111,17,0.0000,0,
1156,125,54,0.0000,0,
1157,125,53,0.0000,0,
1158,125,52,0.0000,0,
1159,125,44,0.0000,0,
1160,125,19,0.0000,0,
1161,125,28,0.0000,0,
1162,125,17,0.0000,0,
1163,79,54,0.0000,0,
1164,79,53,0.0000,0,
1281,186,10,0.0000,0,
1282,186,60,0.0000,0,
1283,186,111,0.0000,0,
1284,55,28,0.0000,0,
1285,33,20,0.0000,0,
1286,187,28,0.0000,0,
1287,187,54,0.0000,0,
1288,187,117,0.0000,0,
1289,187,44,0.0000,0,
1290,187,25,0.0000,0,
1291,187,80,0.0000,0,
1292,187,34,0.0000,0,
1293,187,18,0.0000,0,
1294,187,92,0.0000,0,
1295,187,75,0.0000,0,
1296,187,76,0.0000,0,
1297,187,107,0.0000,0,
1298,187,109,0.0000,0,
1299,187,118,0.0000,0,
1300,187,119,0.0000,0,
1301,187,62,0.0000,0,
1302,187,116,0.0000,0,
1303,187,112,0.0000,0,
1304,187,86,0.0000,0,
1305,187,111,0.0000,0,
1306,187,55,0.0000,0,
1307,187,10,0.0000,0,
1308,187,60,0.0000,0,
1311,187,120,0.0000,0,
1312,187,122,0.0000,0,
1313,187,121,0.0000,0,
1314,130,104,0.0000,0,
1315,130,123,0.0000,0,
1317,188,62,0.0000,0,
1318,188,122,0.0000,0,
1319,188,59,0.0000,0,
1320,188,55,0.0000,0,
1321,188,112,0.0000,0,
1322,188,10,0.0000,0,
1323,188,45,0.0000,0,
1324,188,86,0.0000,0,
1325,189,126,0.0000,0,
1326,30,96,0.0000,0,
1327,190,104,0.0000,0,
1328,190,116,0.0000,0,
1329,190,103,0.0000,0,
1330,190,86,0.0000,0,
1331,191,127,0.0000,0,
1332,192,35,0.0000,0,
1333,131,62,0.0000,0,
1334,131,89,0.0000,0,
1335,131,55,0.0000,0,
1336,131,10,0.0000,0,
1337,131,112,0.0000,0,
1338,131,86,0.0000,0,
1339,131,60,0.0000,0,
1340,131,111,0.0000,0,
1341,193,20,0.0000,0,
1342,193,41,0.0000,0,
1343,193,128,0.0000,0,
1344,193,21,0.0000,0,
1345,193,22,0.0000,0,
1346,193,40,0.0000,0,
1347,193,126,0.0000,0,
1348,193,38,0.0000,0,
1349,193,92,0.0000,0,
1350,104,128,0.0000,0,
1351,194,129,0.0000,0,
1352,195,34,0.0000,0,
1353,195,80,0.0000,0,
1355,195,50,0.0000,0,
1356,195,57,0.0000,0,
1357,195,75,0.0000,0,
1358,195,95,0.0000,0,
1359,196,111,0.0000,0,
1360,196,20,0.0000,0,
1363,198,37,0.0000,0.02,"Q.TA"
1364,200,38,0.0000,0,
1365,113,96,0.0000,0,
1366,113,80,0.0000,0,
1367,113,57,0.0000,0,
1368,113,75,0.0000,0,
1369,202,22,0.0000,0,
1370,203,10,0.0000,0,
1371,203,55,0.0000,0,
1372,203,111,0.0000,0,
1373,203,116,0.0000,0,
1374,203,112,0.0000,0,
1375,203,120,0.0000,0,
1376,203,86,0.0000,0,
1377,203,121,0.0000,0,
1378,203,110,0.0000,0,
1379,203,,0.0000,0,
1380,204,131,0.0000,0,
1381,204,34,0.0000,0,
1382,204,109,0.0000,0,
1383,139,55,0.0000,0,
1384,139,10,0.0000,0,
1385,139,109,0.0000,0,
1386,139,107,0.0000,0,
1387,205,116,0.0000,0,
1388,206,116,0.0000,0,
1389,4,31,0.0000,0,
1390,207,132,0.0000,0,
1391,208,34,0.0000,0,
1392,208,131,0.0000,0,
1394,46,96,0.0000,0,
1395,46,34,0.0000,0,
1396,46,131,0.0000,0,
1397,210,116,0.0000,0,
1398,211,116,0.0000,0,
1399,211,55,0.0000,0,
1400,90,107,0.0000,0,
1401,16,130,0.0000,0,
1402,62,130,0.0000,0,
1403,98,121,0.0000,0,
1404,98,120,0.0000,0,
1405,190,123,0.0000,0,
1406,190,121,0.0000,0,
1407,190,111,0.0000,0,
1408,198,45,0.0000,0,
1409,51,62,0.0000,0,
1410,51,89,0.0000,0,
1411,51,122,0.0000,0,
1412,51,116,0.0000,0,
1413,51,55,0.0000,0,
1414,51,112,0.0000,0,
1415,51,86,0.0000,0,
1416,51,121,0.0000,0,
1417,51,10,0.0000,0,
1418,212,129,0.0000,0,
1419,212,54,0.0000,0,
1420,212,62,0.0000,0,
1421,212,55,0.0000,0,
1422,212,112,0.0000,0,
1423,212,45,0.0000,0,
1424,212,111,0.0000,0,
1425,212,34,0.0000,0,
1426,212,131,0.0000,0,
1427,212,20,0.0000,0,
1428,213,34,0.0000,0,
1429,213,131,0.0000,0,
1430,213,,0.0000,0,
1431,214,34,0.0000,0,
1432,214,131,0.0000,0,
1433,214,80,0.0000,0,
1434,215,34,0.0000,0,
1435,215,131,0.0000,0,
1436,215,134,0.0000,0,
1437,126,133,0.0000,0,
1438,212,,0.0000,0,
1439,216,62,0.0000,0,
1440,216,55,0.0000,0,
1441,216,112,0.0000,0,
1442,216,86,0.0000,0,
1443,216,110,0.0000,0,
1444,216,10,0.0000,0,
1445,216,111,0.0000,0,
1446,216,121,0.0000,0,
1447,217,54,0.0000,0,
1448,217,28,0.0000,0,
1449,217,44,0.0000,0,
1450,217,25,0.0000,0,
1451,218,22,0.0000,0,
1452,218,21,0.0000,0,
1453,218,134,0.0000,0,
1454,218,131,0.0000,0,
1455,219,45,0.0000,0,
1456,220,38,0.0000,0.0049999999,"Q.TA"
1457,221,45,0.0000,0,
1458,221,10,0.0000,0,
1459,221,111,0.0000,0,
1460,221,8,0.0000,0,
1461,221,111,0.0000,0,
1462,222,10,0.0000,0,
2,5,15,0.0000,0,"Valore"
7,5,14,0.0000,0,"Valore"
8,5,16,0.0000,,"Valore"
119,5,79,0.0000,0,"Valore"
1165,79,52,0.0000,0,
1166,79,44,0.0000,0,
1167,79,19,0.0000,0,
1168,79,28,0.0000,0,
1169,79,17,0.0000,0,
1170,137,54,0.0000,0,
1171,137,53,0.0000,0,
1172,137,52,0.0000,0,
1173,137,44,0.0000,0,
1174,137,19,0.0000,0,
1175,137,28,0.0000,0,
1176,137,17,0.0000,0,
1177,100,54,0.0000,0,
1178,100,53,0.0000,0,
1179,100,52,0.0000,0,
1180,100,44,0.0000,0,
1181,100,19,0.0000,0,
1182,100,28,0.0000,0,
1183,100,17,0.0000,0,
1191,150,54,0.0000,0,
1192,150,53,0.0000,0,
1193,150,52,0.0000,0,
1194,150,44,0.0000,0,
1195,150,19,0.0000,0,
1196,150,28,0.0000,0,
1197,150,17,0.0000,0,
1198,154,54,0.0000,0,
1199,154,53,0.0000,0,
1200,154,52,0.0000,0,
1201,154,44,0.0000,0,
1202,154,19,0.0000,0,
1203,154,28,0.0000,0,
1204,154,17,0.0000,0,
1205,46,54,0.0000,0,
1206,46,53,0.0000,0,
1207,46,52,0.0000,0,
1208,46,44,0.0000,0,
1209,46,19,0.0000,0,
1210,46,28,0.0000,0,
1211,46,17,0.0000,0,
1212,139,54,0.0000,0,
1213,139,53,0.0000,0,
1214,139,52,0.0000,0,
1215,139,44,0.0000,0,
1216,139,19,0.0000,0,
1217,139,28,0.0000,0,
1218,139,17,0.0000,0,
1219,142,54,0.0000,0,
1220,142,53,0.0000,0,
1221,142,52,0.0000,0,
1222,142,44,0.0000,0,
1223,142,19,0.0000,0,
1224,142,28,0.0000,0,
1225,142,17,0.0000,0,
1226,175,54,0.0000,0,
1227,175,53,0.0000,0,
1228,175,52,0.0000,0,
1229,175,44,0.0000,0,
1230,175,19,0.0000,0,
1231,175,28,0.0000,0,
1232,175,17,0.0000,0,
1233,157,54,0.0000,0,
1234,157,53,0.0000,0,
1235,157,44,0.0000,0,
1236,157,52,0.0000,0,
1237,157,19,0.0000,0,
1238,157,28,0.0000,0,
1239,157,17,0.0000,0,
1240,170,54,0.0000,0,
1241,170,53,0.0000,0,
1242,170,52,0.0000,0,
1243,170,44,0.0000,0,
1244,170,19,0.0000,0,
1245,170,28,0.0000,0,
1246,170,17,0.0000,0,
1247,176,54,0.0000,0,
1248,176,53,0.0000,0,
1249,176,52,0.0000,0,
1250,176,44,0.0000,0,
1251,176,19,0.0000,0,
1252,176,28,0.0000,0,
1253,176,17,0.0000,0,
1254,154,108,0.0000,0,
1255,41,20,0.0000,0,
1256,178,17,0.0000,0,
1257,179,34,0.0000,0,
1258,154,109,0.0000,0,
1260,33,38,0.0000,0,
1262,182,114,0.0000,0.40000001,"Q.TA"
1263,183,115,0.0000,0,
1264,184,112,0.0000,0,
1265,184,111,0.0000,0,
1266,184,116,0.0000,0,
1277,186,62,0.0000,0,
1278,186,55,0.0000,0,
1279,186,112,0.0000,0,
1280,186,86,0.0000,0,
138,5,82,0.0000,0,"Valore"
139,5,83,0.0000,0,"Valore"
140,5,84,0.0000,0,"Valore"
141,5,85,0.0000,0,"Valore"
146,5,87,0.0000,0,"Valore"
147,5,98,0.0000,0,"Valore"
565,5,100,0.0000,0,"Valore"
1640,11,168,0.0000,0.0049999999,"Q.TA"
1668,297,8,0.0000,0,"Q.TA"
1669,297,37,0.0000,0,"Q.TA"
